,Name,phone
0,Denise Cross,117-379-5251
1,John Ramsey,+1-170-315-7195x03244
2,Renee Lewis,257.098.2229x215
3,Albert Walker,001-658-026-9924x094
4,Kristina Gibson,457-391-9844
5,Matthew Webb,(694)617-6444x1375
6,Amber Bell,+1-489-057-7966x009
7,Robert Villarreal,306-258-2607x96999
8,Mary Jackson,001-053-430-4789x883
9,James Wagner,+1-508-569-4488x93142
10,Joseph Lopez,124-631-4473x552
11,Mary Little,001-058-501-8552x984
12,Melissa Bailey,(993)009-3044x02787
13,Patrick Johnson,416-924-7278x33386
14,Todd Nguyen,(309)309-7561
15,Jill Ferguson,(708)943-5864x7274
16,Cody Carney,766-511-2527
17,Stacy Maddox,920.973.4325
18,Amanda Hall,401-944-6363x785
19,Kevin Miller,282.135.4128x864
20,Steven Turner,293-928-2048x9379
21,Amy Abbott,743-538-9087x05015
22,Karen Chavez,+1-988-599-7644x735
23,Julie Lewis,597.254.2624
24,Beth Young,001-619-709-5809
25,Jacob Flynn,001-963-573-7823x382
26,Donald Velez,+1-521-767-7412x231
27,Rachael Anderson,(258)431-7227x5372
28,Rachel Wilson,001-725-629-9798x66440
29,Madison Brown,420-937-0228x013
30,Alejandra Jones,3948398976
31,Joel Jones,8585528233
32,Miguel Robles,001-658-915-6446
33,Ernest Thompson,001-959-880-3480x60641
34,Jessica Robinson,(637)216-3660x6048
35,Paul Peterson,(390)464-4599
36,Deborah Williams,(749)649-8433x2280
37,Kathy Grimes,001-352-997-2822x723
38,Justin Orozco,(500)223-1339x759
39,Terry Edwards,(063)294-7444
40,Mindy Turner,001-279-362-9046x52969
41,Caitlin Roberts,(546)241-7876x7411
42,Christine Davis,3664270302
43,Tyler Hardin,375.087.5016x0610
44,Isaiah Smith,+1-591-653-9755x18740
45,Mary Arroyo,5417728186
46,Dana Henson,+1-282-488-9489x6024
47,Heather Hendricks,4399410419
48,Joshua Kennedy,(501)941-5048
49,Justin Fuller,(592)800-9650x86861
50,Tyler Powell,5729423217
51,Timothy Snow,(920)369-2451
52,Jacob Johnson,764-174-0479
53,Tonya Johnson,(322)310-5925x01115
54,Jason Shaw,(824)023-8659
55,Barbara Maldonado,9655785795
56,William Green,658-941-1903
57,Michelle Guzman,187.185.4424x993
58,Jennifer Wallace,001-289-079-5104x88230
59,Samantha Melton,001-109-629-0042x116
60,Cynthia Myers,001-112-286-0086x67951
61,Brian Davenport,065.471.3188x41892
62,Daniel King,3782951867
63,Kimberly Garrison,295-961-7998
64,Willie Moore,+1-349-989-8112x9143
65,Kim Rodriguez,(317)842-7712x0093
66,Nicholas Williams,001-880-527-9594
67,Cynthia Davis,0013163780
68,William Wright,992.367.1937x55626
69,James Diaz,(386)220-4637x26931
70,Linda Garza,(661)162-6473
71,Phyllis Stout,001-421-469-5188x22449
72,Kimberly Mendez,001-891-561-6108
73,Misty Ward,896.100.4269
74,Lori White,001-003-304-8294
75,Samuel Payne,1791686712
76,Christine Thompson,(071)402-7617
77,Sara Ali,967.834.9445
78,Michael Turner,+1-219-037-6249
79,Olivia Reid,159-452-3245x554
80,Donald Wheeler,830-378-1062x507
81,Nathan Dixon,856.900.7662x136
82,Rick Carr,001-722-842-0755x39827
83,Madeline Doyle,(236)370-3192x18870
84,Cheryl Fuller,001-500-905-7892
85,Tiffany Hernandez,178.452.2131x7213
86,Shaun Ball,(898)358-7373x358
87,Christian Sandoval,885.972.5793
88,Michael Schroeder,171.001.7927x6409
89,Paul Johnson,708.759.3038
90,Michael Jones,001-660-579-0907x8277
91,Courtney Mclean,263.278.2133
92,Melissa Lee,+1-340-195-1130x591
93,Kimberly Anderson,+1-052-720-0744
94,Brian Cochran,+1-409-924-4652
95,Virginia Moore,(912)961-9899
96,Andrea Moore,(678)543-8618
97,John Allen,+1-753-597-7056x771
98,Matthew Keith,127-892-7510
99,Sarah Decker,001-628-794-7646
100,Charles Mcguire,001-924-818-7149x8928
101,Michael Henderson,001-510-121-9551
102,Jennifer Ewing,959-756-8833
103,Brandon Reyes,001-514-039-5124
104,Shawn Fuller,001-326-981-0588x336
105,Jonathan Hill,+1-944-310-6348
106,Katrina Pruitt,484.041.6399x4909
107,Richard Allen,(397)680-8903x70982
108,Amanda Chung,494.659.5498x01927
109,Kathryn Martin,(934)081-3979
110,Tricia Sutton,001-724-519-7235x336
111,Diane Douglas,554.864.2296
112,Michelle Flynn,+1-469-488-2561x82089
113,Kevin Velasquez,(297)332-3468x140
114,Lauren Joseph,911.214.5373x69131
115,Kenneth Barber,001-887-468-3474x263
116,Sean Reed,389.484.0169x78972
117,George Shelton,830.963.2043
118,Kimberly Whitehead,001-532-050-3605x6334
119,Matthew Romero,(906)453-1361x081
120,Nicole Stone,955-767-5826
121,Jessica Wright,860.631.7729x5586
122,Barry Williams,+1-059-304-7803x3657
123,Rita Thomas,302-593-4113
124,Kevin Long,+1-542-708-9744x4613
125,Karen Evans,276.548.2148x37999
126,Barbara Smith,334-073-3339
127,Jacqueline Diaz,001-963-487-9810x159
128,Jennifer Carpenter,961-601-5205
129,Michael Mccarthy,327.235.5284x53449
130,Anthony Jones,(360)357-9904
131,Allison Lawson,426.085.0619x0305
132,Tracy Sanchez,+1-504-255-9419x62395
133,Angela Vasquez,(710)479-6097x1281
134,Joshua Reynolds,586-322-5423x229
135,John Richardson,(059)932-5476x362
136,Mark Frey,7337100685
137,Shelby Ryan,449-525-3186
138,Kevin Williams,9457453273
139,Patrick Thompson,842-252-7508
140,Ryan Camacho,+1-424-158-6033x070
141,Sylvia Mckee,+1-956-884-6706x67731
142,Samantha Snyder,(325)426-8972x9665
143,Brandi Parks,001-654-911-3751x67511
144,James Burgess,1497784664
145,Jessica Riley,(696)048-1514
146,Sherry Thompson,+1-119-756-1978x03713
147,Christopher Romero,246.334.9809x7587
148,Audrey Nichols,169.504.6240
149,Regina Nelson,(815)753-8625x483
150,Todd Robinson,187.012.7370x469
151,Douglas Allen,(743)545-2082x51814
152,Angela Collins,+1-882-453-5899x058
153,Cynthia Phillips,699.740.0261x511
154,Timothy Joseph,(889)983-5043x806
155,Russell Jordan,001-302-112-0666x70004
156,Charles Mckinney,001-465-145-7663x298
157,Lisa Gonzales,(453)448-6459x8160
158,Angela Cole,(203)108-3155
159,Molly Bennett,+1-321-746-6227x73842
160,John Jordan,267.767.3031
161,Sheila Daniels,001-573-740-8964
162,Megan Bright,001-403-279-1867x08287
163,Kimberly Walker,(402)415-2293x99701
164,Brian Freeman,545-297-3002
165,Christopher Ward,(294)786-0206x7824
166,Michelle Miller,168-998-7238x3729
167,Megan Miller,9158427841
168,Victoria Beck,(963)042-5217
169,Amanda Hunt,899-147-1165
170,Lisa Preston,709.006.8031x643
171,Elizabeth Bowen,932.219.6841x989
172,David Santiago,202-710-3251x227
173,Jose Schultz,335-773-7947x09713
174,James Camacho,652.767.8573x9411
175,Ricky Torres,771-509-4558x842
176,John Holland,(388)165-5810
177,Alexander Lucas,789.864.4249x5457
178,John Flores,(706)941-5091
179,Judith Duran,637-558-5484x52130
180,Charles Stewart,962.716.1448
181,Gavin Mcdonald,+1-772-224-9819x6885
182,Kelly Smith,830.794.2797x39545
183,Joseph Marsh,170-151-6417x743
184,Vernon Jackson,+1-650-924-3272
185,Diane Watkins,+1-318-839-2675x6382
186,Aaron Moore,701-348-1271
187,Danielle Ramirez,(645)334-8213x996
188,Elizabeth Rodriguez,+1-886-598-4031x88990
189,Anthony Clark,663-372-2494
190,Gary Hamilton,(302)972-0508x08008
191,Melissa Riley,5748653650
192,Rebecca Shepherd,001.164.4775x8155
193,James Hatfield,009-170-8236
194,James Hanson,(694)867-8540x9966
195,Kimberly Bailey,306-890-4161x8073
196,Andrea Thompson,+1-142-396-3407x527
197,Margaret Nguyen,106.481.2829x02136
198,Lisa Chambers,+1-676-705-4395x6015
199,Amanda Jones,818.610.7577x56977
200,Bryan Hall,090-717-2664x72725
201,Robert Turner,846-009-0973x1795
202,Jonathan Petersen,001-338-845-5070x6321
203,James Savage,7631723573
204,Justin Mitchell,+1-398-060-0701x685
205,Richard Moore,001-020-103-7209x61367
206,Gary Michael,678.967.6037
207,Melissa Stevenson,318.419.6520
208,Brenda Lynch,662-728-6749x324
209,Jack Cardenas,049-216-4386x00725
210,Nancy Dennis,001-955-381-8608
211,Mary Blanchard,001-647-184-4756x84367
212,Wesley Williams,+1-778-392-3820x36101
213,Devin Hernandez,107-664-9992x4484
214,Ethan Diaz,+1-711-274-0442
215,Rebecca Mcguire,(490)594-0955x176
216,Scott Gilbert,001-945-894-3686
217,Eric Bush,669-550-2073x715
218,Julie Ayala,+1-710-595-4924x75443
219,John Howell,3609440668
220,James Adkins,635-042-5063x041
221,Christina Adams,2589936038
222,Patricia Smith,001-837-036-0670x12945
223,Robin Carter,001-552-051-8971x490
224,Heather Thompson,001-085-572-4584x0688
225,Alan Sullivan,489.227.0991
226,Taylor Snyder,001-299-228-3733x232
227,Karl Robinson,423.691.2173x9744
228,Ralph Campbell,+1-714-311-3480
229,Todd Green,+1-403-657-9690x34989
230,Andrea Hughes,+1-019-547-6992x15726
231,Matthew Phillips,963.874.3374
232,Julia Johnson,(981)448-7772
233,Trevor Dunn,+1-581-743-1557x299
234,Amber Garcia,901.680.4004
235,William Clark,186.756.9918x352
236,Denise Torres,(472)154-0111
237,Bryan Wright,061-570-0013
238,Laura Gray,966-948-0040x0430
239,Daniel Gonzalez,269.273.0021x75158
240,Robert Salazar,(582)987-9137x646
241,Breanna Smith,170-169-0090x4461
242,Teresa Espinoza,203.304.3881
243,Bobby Gordon,177-640-2410
244,Jason Lopez,+1-474-257-8737x3322
245,Joseph Smith,(049)129-4934x3841
246,Allison Riley,549-181-2840x300
247,William Turner,+1-894-160-1475
248,Jennifer Robles,+1-558-683-6972
249,Jonathan Norman,(691)051-3585
250,Joshua Smith,8122602269
251,Julie Arnold,815.484.7160
252,Chase Dennis,+1-653-942-8801x99075
253,April Meadows,001-428-111-5690x1845
254,James Lee,044.189.7220x80518
255,Tommy Mcdonald,001-023-083-9556x164
256,Kimberly Powers,+1-569-396-6026x738
257,Taylor Maxwell,505-021-2371
258,Colleen Chambers,(120)014-7253x6616
259,Thomas Russell,499-504-3948
260,Benjamin Harmon,+1-658-709-1680x8832
261,Ryan Merritt,(531)768-8091
262,Joseph Hernandez,9668175313
263,Justin Garcia,001-256-980-1457x271
264,Mark Barnes,+1-239-355-8301
265,Mason Young,001-798-727-7100x1809
266,John Peterson,146.576.3369x2265
267,Gregory Thompson,001-614-897-1136x31785
268,Nathaniel Green,+1-871-150-8889x7558
269,Courtney Frye,6509384437
270,Kayla Black,272.970.9836
271,Timothy Gray,4994115722
272,Debra Gonzalez,(789)732-3838
273,Randy Evans,+1-403-680-3381x6325
274,Jeremy Wells,094.130.5087x8328
275,Michelle Lopez,+1-440-033-9973
276,James Gutierrez,203-757-9977
277,Tina Fisher,(585)297-6699x291
278,Amber Cummings,958.386.0939
279,Deanna Porter,161-219-7081x2041
280,Valerie Murphy,001-033-415-6226
281,Kenneth Cook,(806)250-4875x0948
282,Daniel Matthews,001-753-142-2285x0007
283,Janet Brown,001-667-876-6823x29768
284,Catherine Williams,488-240-6481x0983
285,Jesse Hunt,443.530.3347x5384
286,David Cortez,240-267-9325x9851
287,Robert Stewart,001-677-777-0149x055
288,Sara Mccarthy,(008)862-2338
289,Lance Schmidt,(728)773-8370
290,Darius Harris,(326)765-3069
291,Jennifer Schmidt,132.446.2048x8512
292,Sharon Malone,846-919-2661x391
293,Maria Wolfe,001-244-049-7846x994
294,Francis Dennis,(514)474-6372x225
295,Dawn Shepherd,001-728-343-5102x82041
296,Tony Nash,(433)082-7117
297,Christina Butler,729.104.6956x678
298,Samantha Yates,(228)199-2185x494
299,Robert Burke,589.393.8680x33868
300,Brandon Howard,(996)419-6497
301,Christopher George,8492184169
302,John Aguilar,527-232-1684
303,Chase Myers,+1-452-800-3656x17113
304,Patty Pruitt,874.712.8064x969
305,Michael Neal,147-924-0420
306,Christine Mercado,+1-221-730-4497x337
307,Heather Cox,061-213-6101
308,Ryan Daniels,(818)550-9029
309,Kaylee Irwin,001-756-668-6556x384
310,Elizabeth Gibson,(217)590-3912x79995
311,Catherine Stevens,668.160.7743x714
312,Donna Beard,382-446-3247
313,Robin Murray,983-581-3008
314,Wendy Stokes,519-068-8347x828
315,Jonathan Ross,(540)337-5861x35683
316,Eric Clark,7547443949
317,Peter Bell,552.315.3432x9438
318,Theresa Holmes,438-935-5215x98594
319,Stephanie Burgess,294.530.7788x4483
320,Ashley Jackson,001-686-448-4483x3195
321,Anthony Carter,796.111.3290x451
322,Ricky Miller,+1-440-930-3991x997
323,Denise Crawford,001-182-817-3065x60686
324,Ross Martinez,(889)373-8437
325,Jonathon Cherry,+1-434-404-4777
326,Brian Weaver,+1-570-058-7031x32680
327,Tammy Fowler,3878210221
328,Diamond Moore,368-800-9818
329,James Fowler,510.842.8742x551
330,Ronnie Yang,579-857-8333x740
331,Steven Johnson,+1-381-940-8115x0700
332,Billy Brown,001-213-631-0199x694
333,Alexa Moore,608.079.0367x50507
334,Matthew Hood,610.475.5713
335,David Zimmerman,(591)924-2605x155
336,Brittany Flynn,001-526-749-6745x3924
337,Erica Williams,248.218.0170
338,Ashley Castaneda,904-196-0444
339,Bill Freeman,+1-553-780-0723x472
340,Jacob Johnson,+1-499-475-2246x4734
341,Paul Gray,001-448-285-0246x997
342,Heather French,(726)824-9523x710
343,John Parker,001-205-251-9794
344,Robert Moore,+1-519-695-6751x2544
345,Scott Gentry,806-623-3116x49902
346,Stephanie Hatfield,324.831.0899x1361
347,Andrea Christensen,+1-098-734-8019
348,Jon Simmons,039.623.4722
349,Maria Berry,001-003-175-1455x494
350,Brett George,(037)978-1675x8049
351,Crystal Carlson,422.138.4322x4120
352,Matthew Hodge,321-607-8336x9606
353,William Brown,2948815001
354,Thomas Ellis,(673)674-0672x94243
355,Jeanette Ho,(244)528-6285x02826
356,Heather Johnson,403-835-5464x14167
357,Lori Davis,+1-626-531-3309x23580
358,Antonio Schneider,+1-617-009-0081x3821
359,Adam Gray,514.112.7816x6364
360,Christopher Gardner,(760)578-2541x9881
361,Paul Grant,(509)751-3910x430
362,Nancy Mason,666-587-8795
363,Richard Wang,(373)020-6959x242
364,Michael Myers,030-221-4473x935
365,Angela Baker,001-272-207-9491
366,Alisha Chapman,244-055-2175x0670
367,Shawn Jones,(780)642-3251
368,Charles Logan,718-761-2782
369,Carl Trevino,+1-939-785-8279x7236
370,Sherry Dalton,750.225.0963x271
371,John Reese,(487)691-7130x9396
372,Brandon Burnett,+1-245-839-9015
373,Catherine Taylor,322.930.4004x50999
374,Judith Mullins,001-382-395-1492x7154
375,John Santiago,+1-169-590-3306x06121
376,Anthony Richard,+1-599-448-4406x86525
377,Crystal Brooks,(917)183-9079x22187
378,Ryan Johnson,776.570.0934x496
379,Ryan Miller,001-758-933-2747x51010
380,Mary Klein,001-840-137-8966x37536
381,John Jordan,867.648.6520x651
382,Christian Weber,(384)438-8843x668
383,Emily Figueroa,(832)787-1915
384,Lori Smith,001-080-669-0911x2008
385,Andrew Carrillo,9671301505
386,Maria Glover,(068)834-6211x03259
387,Brian Daniels,744.482.0522x0070
388,Brian Brooks,783.320.0580
389,Blake Strong,001-018-678-1517x7294
390,Erin Macias,598.409.3941
391,Aaron Mathews,442.554.9211
392,Ana Rodgers,(364)999-1744
393,Christina Evans,2349395067
394,Alvin Gomez,(162)850-7322
395,Shannon Chen,001-814-382-1968x373
396,Nicole Kelley,001-302-106-5147
397,Amy Villanueva,010-261-6987x017
398,Reginald Rivera,(806)495-1527x281
399,Veronica Walsh,+1-630-997-5059x056
400,Cheryl Brown,366-330-9213
401,Raymond Lewis,+1-675-397-0341
402,Charlene Goodman,(243)337-7888x838
403,Elizabeth James,(117)715-1532
404,Stacy Vang,764-311-1586
405,Nicole Vaughn,+1-256-856-4291x2316
406,Jean Silva,021-416-2549x968
407,David Peters,662.482.6896x3379
408,Kimberly Mercado,001-649-611-0913x5019
409,Gabrielle Morales,001-975-509-8463x7640
410,Timothy Jones,980-989-9600
411,Anne Velez,347.444.9136
412,Miranda Rodgers,001-651-497-8394x778
413,Joshua Scott,120.723.8579x42494
414,Michael Brown,898-194-1069x8225
415,Kathy Hughes,415.576.2468
416,Brittany Estrada,049.076.9156
417,Robert Barajas,(335)107-0760
418,Carolyn Hansen,+1-183-221-4658x38721
419,Dylan Alexander,139.116.4562x16691
420,Joshua Smith,476-304-7261x50473
421,Christina Kelley,(863)752-3039x33561
422,Tiffany Ferguson,515.434.8591x5540
423,Michael Day,+1-401-203-0602x11418
424,Rachel Wagner,429.572.4332x5870
425,Victoria Long,001-738-120-9399x08558
426,Billy Bridges,028-683-7035
427,Manuel Moon,5744570534
428,William Cook,839.768.7955x38371
429,Jessica Lyons,(061)468-3476x8637
430,Tina Morris,620.055.7936
431,Matthew Burke,001-784-851-9584x8511
432,Thomas Norris,(441)012-6279
433,Brandon Bennett,072-558-9616
434,Dylan Cardenas,(343)121-9241x673
435,Laura Ortega,+1-053-343-7748x279
436,Eric Powell,865-637-0470x804
437,Kylie Walton,795.801.2107
438,Ralph Oliver,+1-446-260-8631
439,Devin Paul,+1-367-270-9243x251
440,Melissa Ford,765-220-2499
441,Raymond Wilson,173-981-3602
442,Jose Riley,001-772-252-6091x876
443,Brittney Keller,(504)166-5387x577
444,Samuel Dennis,001-133-326-1753
445,Morgan Barrera,907.912.8353x1232
446,Charles Zhang,+1-482-403-2124
447,Daniel Miller,+1-679-549-0488x3607
448,Andrea Watson,(156)469-8688x565
449,Leslie Thomas,001-141-161-6110x949
450,Heidi Jones,8635131931
451,April Brown,+1-494-793-7327x17349
452,Christopher Foster,+1-215-008-7102x4741
453,Jennifer Jackson,785-206-6616
454,Jessica Dean,091.541.6911x7274
455,Jennifer Johnson,788-450-4369x0427
456,Derek Dixon,+1-970-152-5539x5888
457,Julie Estrada,(526)068-2183
458,Laura White,626.679.7030
459,Ronnie Martinez,001-107-535-9217
460,Katherine Perry,7313804256
461,Jason Warner,001-803-818-1479x71422
462,Timothy Young,529.916.3522
463,Alexander Beck,115.269.3046
464,Cindy Taylor,+1-360-670-6715x490
465,Patrick Schneider,256-876-3479
466,Nancy Mcdonald,348.655.2718x27739
467,Steven Ruiz,070-316-9527x459
468,John Nixon,(559)263-9280x38645
469,Rebecca Burgess,156.811.1635
470,Rhonda Barnes,001-354-845-5168x72439
471,Ronald Hamilton,0527587900
472,Joann Perkins,917-865-4013x74286
473,Michaela Carlson,951-007-2613x1179
474,Alexander Allen,001-733-153-3390
475,Jose Hill,761-901-9182
476,Erika Brown,001-868-861-2398x93457
477,Matthew Tucker,935.262.1926x480
478,Ricky Nichols,162.478.1562x68971
479,Audrey Jordan,386.107.0213x13113
480,Shannon Vargas,+1-945-692-2449x265
481,William King,+1-669-440-0115x667
482,William Stanton,(899)547-5106
483,Deanna Banks,775.471.5667
484,Kevin Moore,454-298-8253
485,Cynthia Brown,+1-101-932-9248x121
486,Kelly Middleton,+1-765-838-0294x56125
487,Vanessa Pace,070.656.8465
488,Melissa Berry,+1-937-322-4102x4470
489,Sarah Fry,256-786-6285x198
490,James Washington,001-006-824-2400
491,Michelle Osborne,613-152-5532x39800
492,Robert Hill,(004)028-7407x5152
493,Brenda Robertson,(185)828-5464
494,Gregory Chavez,+1-303-317-2370x725
495,Troy Strickland,4928240420
496,Debbie Jordan,+1-647-793-2602
497,Kevin Washington,776-928-1319
498,Laura Sanders,001-925-808-8454x46691
499,Robert Smith,+1-974-210-7836
500,William Johnson,4203030966
501,Elizabeth Patterson,8078919845
502,Shannon Thompson,9324841532
503,Wendy Tate,155.431.3787
504,Colleen Marsh,+1-464-357-3931x190
505,Jeremy Buck,001-651-337-8163x265
506,Kristi Huber,+1-768-850-6672
507,James Williams,001-394-361-9416x201
508,Michael Flores,(520)329-5870x724
509,Jose Fox,+1-733-126-3069x56103
510,Stephen Roth,532-416-8003
511,Tamara Clark,+1-285-351-7420
512,Kevin Villegas,001-626-106-1691x678
513,Randy Hunter,001-926-603-2069x2789
514,Kari Duran,2125184661
515,Sophia Taylor,682-839-8270x94749
516,Erin Wilson,208.403.6540
517,Beverly Perez,001-672-547-3553x0718
518,Nancy Woods,001-338-072-4371x35415
519,Oscar Faulkner,(907)728-8487x5680
520,Alison Chambers,+1-222-355-1952x845
521,Kyle Martinez,602.860.6322x587
522,Rachel Duncan,130-474-5867
523,Allen Francis,001-090-836-3383x795
524,Kenneth Smith,171.669.6227
525,Paul Ray,422-946-7908
526,Karen Miller,704.026.0937x242
527,Amber Carter,728-679-4955x9222
528,Darin Hart,(397)258-7723x57334
529,Ana Solomon,5794075150
530,Joshua Moses,(777)529-6001x857
531,Justin Stuart,(426)869-8134x079
532,Lauren Leblanc,+1-373-307-2381x1359
533,Angela Mendez,(059)795-7800
534,Nicholas Copeland,+1-130-645-4430x926
535,Aaron Adams,5951377547
536,Pamela Ramos,060-225-1497
537,Maria Hunt,+1-001-349-8999x321
538,Heather King,473-364-2867x697
539,Cody Mcintyre,711-532-5083
540,Kevin Mason,001-764-406-3511x8191
541,Dawn Bauer,001-693-481-9927x8844
542,Susan Cohen,(552)510-2301
543,Kevin Morris,+1-205-379-3056x60966
544,Kevin Lawrence,018-916-8455x39095
545,Amy Hartman,(853)718-5032x30388
546,Leslie Brown,583.485.4391
547,Andrea Fuentes,606-233-1038x18686
548,Brenda Lopez,321-201-0976
549,Rachael Hernandez,001-084-208-3763x8146
550,Autumn Shelton,158-524-8757
551,John Gross,520-013-1114
552,Steven Wright,001-486-849-7345x35539
553,Paul Thomas,902-871-5718
554,Carla Willis,052-207-7369
555,Michelle Garrison,(926)497-4071x399
556,Cory Hopkins,287.630.6518x0619
557,Whitney Wallace,(388)574-5928
558,Joanna Smith,(085)994-6673
559,Valerie Phelps,283-593-3299x09078
560,Heather Reed,2270088130
561,Shannon Gregory,864-005-1323
562,Kathy Davis,2623671965
563,Amy Humphrey,(773)571-0376
564,Breanna Lopez,088.613.4755x23827
565,Lisa Wolfe,001-032-948-9473x110
566,Mark Lewis,001-748-526-3819x337
567,Vanessa Banks,606.949.2360
568,Stephanie Smith,939.316.1773x3928
569,Brittany Austin,(415)786-9203x74743
570,Jeffery Wilson,(695)043-4677
571,Emily Wright,6736586165
572,Julia Horton,954.321.1913x754
573,Johnathan May,0984014558
574,Kevin Aguilar,204.960.2048
575,Kevin Fields,+1-319-184-1437
576,Katherine Burton,244-655-8042
577,David Gamble,+1-199-155-2468x13851
578,Tony Manning,(052)421-3638x125
579,Cameron Miller,206.188.1126x482
580,Susan Clark,047-076-0181
581,Cindy Mendez,271-407-2649
582,Erica Bell,5012287676
583,Angela Martinez,+1-719-499-3573x592
584,Melanie Butler,001-762-823-9312x8992
585,Stephen Jones,(603)198-0649x940
586,William Mann,8738197109
587,Sarah Smith,785-114-0741
588,Matthew Little,359.592.9978x2207
589,Michael Poole,001-798-314-1215
590,Eric Clark,779.868.4257x48707
591,Hannah Smith,001-146-935-6731x4306
592,Dakota Waters,+1-359-645-5039x540
593,Christina Williams,271-540-6919x92179
594,Jodi Hood,+1-109-218-3529x512
595,Amanda Ortega,994-410-2783
596,Mary Mcclain,+1-218-228-1286x6029
597,Amy Perez,+1-891-532-2347x91419
598,Victoria Mcbride,236-295-9019x8766
599,David Harvey,217-104-8726x5376
600,Brandon Riggs,(539)494-9125x96257
601,Christina Johnson,+1-811-210-9891
602,Audrey Mcdonald,4456849226
603,Jacob Cabrera,+1-794-216-2227x3040
604,Cory White,001-826-509-4484x647
605,Michael Harvey,+1-623-345-4556x5102
606,Michael Melendez,075.760.8767x23924
607,Sara Wood,(700)898-1085x24229
608,Matthew Blair,019-579-7975x995
609,Justin White,+1-684-179-7717x2036
610,Tyler Espinoza,765.310.0882
611,Jason Smith,259-697-4771x23629
612,Kyle Stein,001-266-535-4927x8273
613,Dwayne Higgins,001-548-362-3941x08225
614,Ashley Palmer,713.798.9496x60585
615,Julia Walsh,724-191-9861x8114
616,Michael Avery,(220)762-5065x8345
617,Taylor Curtis,001-412-292-9820x67601
618,Brianna Miller,001-829-587-3450x91074
619,Patrick Castaneda,8572795089
620,Willie Morrison,902-680-5931x7420
621,Dustin Kennedy,219-992-3660x983
622,Daniel Morris,+1-764-484-3977x2916
623,Cynthia Black,+1-499-887-1956
624,Connor Ellis,834-913-2482x843
625,Laura Poole,934.053.0421
626,John Simmons,001-792-513-2926x551
627,Randy Smith,186.385.4992x877
628,John Coleman,295-850-1590x078
629,Renee Frost,001-765-018-0995x57146
630,Anne Smith,554.334.0908
631,Martha Morgan,001-207-441-1869
632,Stephanie Moore,(538)462-1369
633,Tyler Bradshaw,336-784-9801x4260
634,Karen Flores,7145630927
635,Ronald Harrison,(912)098-2645
636,Laura Cameron,727-262-2542x92518
637,Aaron Jimenez,001-420-882-8776x784
638,Patrick Johnson,+1-190-415-7776x678
639,Daniel Malone,+1-251-103-4599x8889
640,Michael Pratt,593.749.9044
641,Phillip Maldonado,+1-030-574-7538x19732
642,Victoria Farmer,+1-546-999-9732x785
643,Leroy Ryan,073-213-5530
644,Jennifer Adams,+1-405-748-9825x141
645,Randall Williams,(757)206-9272
646,Laura Ellison,(978)480-8223
647,Jonathan Williamson,(416)406-4260
648,Susan Perkins,7275724622
649,Alexis Wilson,6464835371
650,Steven Fitzpatrick,001-596-792-8569x7626
651,Timothy Kim,(840)538-2920x37896
652,Sara Pratt,818.771.8440x944
653,Bobby Wilkins,001-098-566-6096x542
654,Lisa Parks,0735476662
655,Kevin Frederick,736.873.4966x12855
656,Vanessa Stanley,9999814964
657,John Gutierrez,894-785-3316
658,Timothy Daniels,(469)192-0024
659,Shari Hill,718.907.8183
660,Charles Barnes,(800)092-2124x8902
661,Katherine Hernandez,4674415025
662,Luis Martin,001-997-087-6563x76680
663,Brittney Cole,362-442-7085x901
664,Robin Black,(810)420-4337x9083
665,Phillip Riley,753.412.9607x99451
666,Jacob Diaz,566.434.2849x629
667,Desiree Pope,551-873-2258x324
668,Shannon Nolan,714-750-4051x143
669,Steven Riggs,579.732.2019x77038
670,Crystal Rodriguez,926-233-7484x66155
671,Veronica Delgado,(842)980-6007x8304
672,Austin Russell,001-504-646-2478x96327
673,Daniel Long,001-896-366-0033x518
674,Ashley Ramsey,194.851.0783x63526
675,Daniel Murphy,159-345-8141x863
676,Kevin Johnson,+1-038-823-8666x365
677,Alyssa Lee,001-326-225-2142x653
678,Jeffrey Graham,346.637.3323x217
679,Luis Moore,975-237-2610x983
680,Nicole Robinson,001-736-047-8633x63372
681,Samantha Cox,621.316.9376x3600
682,Christine Lewis,+1-710-222-3319x307
683,Jacob Padilla,786.576.9756x168
684,Rachael Castillo,+1-674-000-3645
685,Samantha Rodriguez,+1-811-317-8998x050
686,Chad Rodriguez,001-273-646-7177x9370
687,Lisa Jones,418.878.5124
688,Kyle Garcia,744-693-2359
689,Tracy Alexander,005-587-5054x750
690,Teresa Baxter,001-453-039-0173x383
691,Haley Gonzalez,721-301-7890x37875
692,Dustin Smith,(008)513-3543x80880
693,Jason Smith,891.223.3079x4901
694,Adam Ho,466.960.5913x1382
695,Linda Potts,001-906-085-0129
696,Brandi Hughes,059.390.9482
697,Kevin Young,(180)072-7391
698,Melissa Hutchinson,294.374.6332x246
699,Robin Fernandez,(405)395-1321x387
700,Karen Bray,001-532-464-8093x255
701,Diane Lane,001-222-339-7229
702,Joel Scott,001-870-705-0830x709
703,Tyler Baker,5611123980
704,David Stone,(578)821-9250
705,Michael Pacheco,+1-532-486-0851x856
706,Lisa Ellis,473-867-5493x680
707,Daisy Jones,726-943-7610x53277
708,Trevor Murray,786-813-3803x772
709,Christina Washington,001-190-949-4141x84796
710,Johnny Jacobs,245.070.9838x808
711,Katelyn Garcia,524-653-9005x01405
712,Michele Banks,452-494-1734x09479
713,Michael Shaffer,026-985-4554
714,Thomas Montoya,3432261375
715,Eric Franklin,+1-206-444-5897
716,Natalie Cooper,+1-706-927-7556
717,John Combs,(746)085-5178x162
718,Jordan Lyons,484.299.2575x11650
719,Thomas Cole,000-728-8829x963
720,Christina Reeves,(717)873-9303
721,Ryan Gordon,979-282-2254x468
722,Rebecca Johnson,093.176.8699
723,Kendra Pena,(848)860-0320x1727
724,Amy Guzman,(168)071-5302x776
725,Samuel Guzman,222.979.7065x554
726,Anne Evans,605.566.7546
727,Marcia Hall,+1-295-972-4622
728,Alan Brown,948-169-3080x48770
729,Melody Daniel,283.165.6134x032
730,Jerry Kim,(464)403-5652
731,Heather Johnson,5853946195
732,Jacob Obrien,(048)883-2800
733,Kimberly Casey,(759)966-3067x6382
734,Natalie Beck,882.260.9353
735,Kristin Smith,086-161-6397x69214
736,Troy Carlson,001-275-396-8460x88722
737,Randy Adams,(955)828-2318
738,Jerry Anderson,001-211-034-5562x8265
739,Angelica Frost,660-653-6668x5855
740,Linda Gordon,319.759.7129
741,Rachel Shepherd,924.376.0318
742,Matthew Krueger,218.331.6349x87751
743,Connie Reyes,+1-996-926-8424
744,Gabriel Estes,8426081283
745,Melanie Tucker,472.183.4389x729
746,Robert Taylor,031.209.6175x97497
747,Shannon Craig,363-536-3700
748,Amanda Garcia,5310477124
749,Kristen Whitaker,+1-950-339-6399x83281
750,Douglas Bradley,001-402-437-0671x098
751,Erin Foley,(879)006-5517x88807
752,Samantha Thompson,7299929733
753,Wendy Moore,223.364.7121
754,Reginald Flores,916.575.1252x9552
755,Mary Shields,525-381-2044x69750
756,Gabrielle Peterson,333.430.7893x878
757,Joshua Oliver,001-087-651-1002x335
758,Terry Moore,426-755-1111x69502
759,Kevin Cooper,(607)093-2273x0729
760,Christine Michael,+1-517-656-1747x962
761,Richard Mcbride,119-138-4984
762,Anthony Miles,101-008-6103x7611
763,Thomas Gilbert,(172)362-0150x9140
764,Megan Simpson,656-250-5919x057
765,Melissa Winters,+1-042-413-7887
766,Jeremy Kim,585.033.1461x911
767,Kelsey Boyer,(682)428-4994
768,Christopher Smith,568-988-8294x56390
769,Edward Blackwell,368-708-8912
770,Ashley Chase,091-410-9993x545
771,Dana Dominguez,772.225.4996
772,Michael Hood,504-293-9534
773,Matthew Stevenson,+1-573-900-9055x0316
774,John Peters,470-193-7169x408
775,Kenneth Hughes,137-336-7401x1274
776,Anna Mckay,(469)097-3667x2983
777,Steven Buck,+1-358-514-9744x504
778,Kelsey Ferguson,255-885-1334x297
779,Andrew Reed,240.558.8168x967
780,Eric Cunningham,001-738-988-8076x0440
781,Alexandra Porter,001-646-349-7572x861
782,Jennifer Nelson,+1-062-495-7587x164
783,Gabriella Smith,(109)988-4163x0102
784,Michael Pearson,001-985-313-4446x5455
785,Amanda Fry,001-268-720-5666x37131
786,Christine Wood,001-995-241-7711x50542
787,Michael Anderson,001-468-050-9581
788,Julie Ryan,(008)185-5910
789,Brandy Lawrence,(294)382-0883x5267
790,Andrew Morgan,+1-897-909-9376
791,Robert Powers,(790)705-4977
792,Brandon Hill,001-426-432-2569x5546
793,Nathaniel Jenkins,089-242-9008
794,Brittany Berry,(287)651-2133
795,Jessica Mckee,+1-855-969-0238x70990
796,Jonathan Thompson,001-636-962-8514
797,Richard Hodge,(764)923-0995x793
798,Justin Bennett,108-539-9024
799,Jill Morris,+1-617-878-0219
800,Beth Brown,(768)027-6179x334
801,Teresa Melendez,2623078523
802,Mariah Rich,360.150.1682x53863
803,Michelle King,001-308-151-1314x6799
804,Larry Roberts,5495760997
805,Kelly Schneider,001-374-733-0226
806,Amanda Jones,614-494-5494x24193
807,Jeffery Bell,+1-209-937-2777
808,Barry Chung,001-316-916-6817x1522
809,Rachel Perez,001-196-155-1716x19645
810,Christopher Duncan,780-637-6772x386
811,Brian Gutierrez,+1-391-568-0939x75111
812,Angela Romero,001-349-451-8994
813,Larry Carey,(366)592-6306x20621
814,Jennifer Hernandez,736-961-3126x3687
815,Erik Clements,(128)824-6205
816,Gabrielle Cervantes,(396)591-2203x286
817,Bryan Duran,+1-242-442-2448x48640
818,Daniel Flores,827-378-4070x1440
819,Kevin Rush,9568767887
820,Kevin Archer,5791495624
821,Jeremy Campbell,+1-582-593-0868x82836
822,Michael Flynn,269.574.7088x31852
823,Robert Schneider,(390)734-4275x538
824,Dan Webb,+1-601-996-4065x32645
825,Joseph Miller,(365)976-8844x839
826,Michelle Vaughan,856-744-0327
827,Teresa Freeman,(627)863-8678
828,Craig Martinez,+1-649-854-2287x0978
829,Erin Ramirez,296-427-9480x67497
830,Emily Mitchell,870-036-0760
831,Stephanie Brown,835-924-3020
832,Alice Acosta,435-566-4646x6358
833,Carl Williams,(354)849-9671x734
834,Karen Perkins,(320)789-1816
835,Betty Rosales,(750)372-6299x75805
836,Thomas Moss,+1-945-466-9818x0092
837,Kristy Cunningham,654.765.0866x182
838,Michael Cameron,9043233595
839,Timothy Cunningham,751.339.6728
840,Jill Hicks,244.055.2444x692
841,Natalie Flores,+1-279-395-1892x508
842,Bradley Sanford,635-093-8844x5989
843,David Lozano,001-053-701-6475
844,Rhonda Murray,+1-740-233-2937
845,Jonathan Lee,745-680-3493
846,Danielle Hoover,(097)934-8827
847,Autumn Anderson,288-900-2023x420
848,Bradley Moon,390-284-9733
849,Melissa Baker,+1-338-651-4112
850,Michael Allen,001-430-611-8564x538
851,John Lopez,001-561-104-8916
852,Jesse Smith,7658948212
853,Peggy Herring,001-529-423-8600x030
854,Rebecca Ruiz,(607)043-0431x3712
855,Fred Stone,252.014.0422
856,Angela Brown,001-263-458-1685x6248
857,Kathleen Jones,+1-137-057-0079x42095
858,Jessica Rose,+1-349-639-5803x77367
859,Randall Moore,+1-075-070-8858
860,Renee Rodriguez,001-929-345-6235x43859
861,Darren Benitez,+1-365-389-5105x399
862,Michael Fernandez,823-387-7955x739
863,Melanie Dalton,(141)303-5807
864,Richard Chen,+1-701-698-9515x72819
865,Matthew Jackson,(840)200-3490x1237
866,Katelyn Moore,268-088-7161x3358
867,Diana Reed,+1-936-080-4341x201
868,Joseph Edwards,145-345-6198
869,Christina Castro,869.777.9478
870,Paula Brewer,001-385-297-6112x523
871,Kristin Rios,725.960.2660x106
872,Robert Mcdaniel,619.385.4904
873,Pamela Hill,(084)892-7142x615
874,Jon Porter,684.370.3440x755
875,Tracy Gibbs,957-002-7877
876,Catherine Jensen,3141250931
877,Laura Powell,0762565793
878,Nicholas Wilson,+1-226-884-9790x7997
879,Joseph Terry,232.103.6512
880,Dylan Ramirez,001-278-990-8545x92505
881,David Kelly,0616360096
882,Sara Ramirez,+1-597-958-1348
883,Jessica Hutchinson,001-824-214-9579x915
884,Chad Green,+1-932-219-0048x068
885,Alicia Khan,(929)802-6710x20022
886,Douglas Dawson,+1-926-965-1563x658
887,Angela Taylor,622.999.1823x8081
888,Ashley Mccarthy,(338)744-0902
889,Roger Morrow,+1-050-093-5244
890,Amy Hurst,+1-540-450-6817x12833
891,Alan Hughes,315.850.7627
892,Mathew Camacho,+1-667-840-8066x821
893,Jacqueline Grant,001-088-801-8843x477
894,Brenda Wright,(019)319-1943x323
895,Alexis Pena,818-327-4682
896,Donald Garcia,+1-436-409-2826x471
897,Charles Baker,4310507336
898,Kimberly Moon,584.798.5272
899,Shannon Yates,+1-035-439-6836
900,Steven Howard,+1-642-669-9389x90731
901,Matthew Griffin,001-545-099-3175x4617
902,Joshua Lee,001-465-252-6512x23162
903,Denise Knox,128-267-2563x12801
904,Brianna Hill,001-921-199-0586
905,Jeffrey Harris,(834)377-8239x327
906,Valerie Brady,(080)488-3887
907,Christopher Cox,(580)508-9791x8028
908,Lynn Ross,780.712.7296
909,Brenda Schmidt,001-734-830-4984x9246
910,Jonathan Williams,001-852-893-5991
911,Brooke Allen,001-792-851-6454x91132
912,Haley Williams,219-680-1634
913,Christina Fowler,001-431-929-4959x136
914,Judith Curtis,+1-384-988-8057
915,Jacob Stephens,001-588-683-1249x82577
916,Sandra Nicholson,336-368-2722x0418
917,Traci Cox,085.656.6696x3245
918,Rachel Dalton,8480656364
919,Tyler Snow,004.970.4446x520
920,Elizabeth Thompson,001-767-819-1514
921,Jennifer Burton,+1-496-789-5915x325
922,William Byrd,161-721-4943
923,Scott Gardner,029.053.9736x8382
924,Edward Weiss,(403)684-1886
925,Annette Long,564.382.2072
926,Susan Ellis,5366940518
927,Kathy Stewart,8622015599
928,Christy Lopez,+1-447-397-9610x862
929,Michael Hines,1208002921
930,Kevin Bennett,+1-595-667-8603
931,Eddie Butler,001-230-999-8665x888
932,Aaron Oliver,+1-078-510-8287x9875
933,Dawn Campbell,600.069.9851
934,Sabrina Smith,+1-156-918-9103
935,Victoria Richardson,001-038-506-1936x635
936,Brian Anderson,+1-605-302-2897
937,Ashley Oconnell,+1-925-757-3893x71206
938,Carl Alvarez,199-970-2275
939,Kimberly Smith,+1-781-856-5904x1210
940,Steve Gomez,(918)622-8002x4392
941,Jason Cross,618-009-9656
942,Jessica Mclean,249-417-3011x80110
943,Dawn Johns,883-908-3518x9225
944,Albert Perez,6200538852
945,Gregory Mcknight,+1-515-851-3629x1408
946,Christine Brown,(509)701-1894
947,Heidi Owen,(289)354-4876x41955
948,Sean Garcia,+1-372-475-2329x4911
949,Jason Walsh,+1-211-642-0319x8065
950,Christian Cortez,657.461.6610
951,Kimberly Potter,(608)450-7337x59219
952,Kimberly Miller,535.061.2662
953,Matthew Thompson,001-608-681-8554x2564
954,Bruce Cobb,001-773-089-0866x7581
955,Patrick Valencia,(131)844-2483x1739
956,Jacqueline Sparks,422.581.7912
957,Christopher Stewart,283.927.8672x0487
958,Tiffany Brown,542-351-9595
959,Jeremiah Alexander,519.189.7176x36826
960,Maria Hall,2588831231
961,Megan Little,962-422-6180x312
962,Courtney Taylor,001-569-535-0324x588
963,Oscar Rogers,+1-353-712-6482x5579
964,Ronald Lawson,013.351.2652
965,Nicole Bowers,001-877-629-6809x4908
966,Christina Rodriguez,(417)211-9037
967,Jeremy Wilson,(970)176-9827x2198
968,Cheryl Moran,001-804-945-5440x5614
969,Jennifer Stout,(222)737-7572
970,Alex Haynes,+1-607-639-8024x54233
971,Jamie Johnson,+1-486-464-8695
972,Mary Carrillo,713.878.5510x9934
973,Lawrence Gonzalez,536-875-2949
974,Margaret Lopez,401.992.2259x8320
975,Alyssa Ray,262-936-4644
976,Bradley Hernandez,(043)271-7432x175
977,Emily Smith,001-207-990-2501x7818
978,Lindsey Delgado,+1-225-423-2825x42972
979,Kayla Moore,569-973-8764x508
980,Elizabeth Holt,(302)160-6027
981,Ronald Sanders,525-832-4110x89914
982,Lauren Lindsey,(590)575-6998
983,Dawn Watson,453.078.6767x671
984,Sheryl Jones,(082)027-1923x416
985,Warren Martin,(808)561-7697
986,Scott Bartlett,064.333.0639x425
987,Heather Cowan,+1-734-044-0097
988,Robert Weeks,+1-037-075-1495x882
989,Melissa Osborne,866-428-2389
990,John Yang,967.914.5679x00405
991,Hannah Walsh,839.600.9962
992,Joseph White,(496)817-0605x074
993,Brandon Miller,725.319.5162
994,Thomas Griffin,391-843-7645x3484
995,Cynthia Hooper,917-360-7540
996,Kimberly Decker,(601)351-6758
997,Nicholas Murphy,241-802-5837
998,Bruce Moyer,763-462-0767x8646
999,Suzanne Barton,001-933-793-9495
1000,Carolyn Davis,(694)816-7605x43867
1001,Joshua Williams,(810)273-4588
1002,George Carson,812-152-8647
1003,Ryan Bell,001-362-496-7932x756
1004,Kim Whitaker,391.803.9477x52459
1005,Jonathan Brown,642-026-0538
1006,Elizabeth Beasley,3805816739
1007,Troy Jimenez,134.772.8986
1008,Shane White,771-225-0785
1009,Evan Johnson,(302)065-6759x1150
1010,Lisa Willis,5875660917
1011,Tammy Harvey,4467929506
1012,Alicia Barnett,950-833-3819
1013,Alexander Parker,001-597-397-0009
1014,Maurice Hughes,001-317-580-6921x2035
1015,Daniel Perez,911.546.3728
1016,Beth Allen,001-015-593-0332x467
1017,Mark Walsh,(818)874-0359
1018,Christopher Johnston,647-830-8428x527
1019,Nicole Wang,(732)624-0450x8887
1020,Steven Wilson,+1-113-676-8061
1021,Timothy Weiss,+1-413-618-8643
1022,Jessica Dodson,545.507.1963
1023,Shannon Burke,2661898352
1024,Jordan Skinner,7151516720
1025,Sarah Joyce,188-199-2155x89012
1026,Tanya Benson,+1-255-719-0000
1027,Michelle Johnson,001-143-859-5146x0964
1028,Timothy Edwards,7242441753
1029,Sheila Donaldson,5191476022
1030,Cassandra Maddox,062.201.1686
1031,Teresa Good,(550)947-5243x588
1032,Jessica Rios,337-061-7534x4581
1033,Timothy Long,701.146.4702x0193
1034,Thomas Hall,571-892-2299x7459
1035,Frank Hansen,001-085-600-5106
1036,Judith Thomas,012-628-5405x9000
1037,Jason Mcgee,(000)573-6887x46443
1038,Sharon Lee,(011)604-6255x061
1039,Linda Cruz,+1-993-235-8331x093
1040,Cindy Russell,505-557-0130
1041,Brandon Torres,001-670-978-7400
1042,Valerie Cisneros,+1-361-808-8542x484
1043,Rachel Nixon,025.623.6067
1044,Teresa Jackson,001-593-821-5901x20064
1045,Melissa Rodriguez,(111)072-4927x474
1046,Joann Morse,2494376054
1047,Michael Gutierrez,1777062706
1048,Robert Martinez,+1-775-265-2132
1049,Joshua Collins,045-956-0670x9384
1050,Kaitlyn Smith,+1-718-006-9176x95872
1051,Erika Ibarra,1808314840
1052,Tony Decker,868.897.3186x119
1053,Randall Yu,+1-639-366-8285x54837
1054,John Brown,300.603.0694x813
1055,Crystal Daniels,112.776.9061
1056,Traci Nichols,(548)313-6651
1057,Charles Wheeler,+1-755-388-3142x560
1058,Todd Wilkerson,+1-920-041-9632x7173
1059,Sara May,001-504-265-0043
1060,Charles Werner,001-392-819-5694x90879
1061,Jessica Dunlap,405.096.3248x034
1062,Ann Mueller,(375)907-9332
1063,Alexis Simon,1165855052
1064,Jennifer Tran,(820)481-8048x602
1065,Richard Gallegos,391.419.2520x97781
1066,Jacqueline Gardner,(016)353-3831x564
1067,Cole Wood,+1-264-661-7509x91526
1068,Jeffrey Hayes,643-204-6266
1069,Elizabeth Roberts,706.202.3219x269
1070,Melissa Phillips,+1-485-498-1000
1071,Teresa Good,001-587-271-7877x33616
1072,Benjamin Lopez,001-410-146-3611x83944
1073,Michelle Miller,672-970-5897x9215
1074,Nathan Simon,(147)279-7076x5305
1075,Kristen Sandoval,001-509-634-7820x960
1076,Michael Hamilton,315-900-4469
1077,Whitney Rodriguez,743-995-4409x88136
1078,Bradley Villa,+1-782-883-4358x73941
1079,Emily Rivera,026.049.0132
1080,Cristina Williams,1499745369
1081,Timothy Barber,9458320194
1082,Richard Patton,001-735-716-2152x2756
1083,Kevin Mccoy,618.495.3108x087
1084,Allison Hill,+1-654-012-6468
1085,Amy Robertson,284-269-3214
1086,Allison Kelly,+1-877-040-7733
1087,Trevor Turner,051.343.4310
1088,Joshua Sweeney,+1-894-306-0322
1089,Peter Olson,907-481-5899x2799
1090,Joshua Jackson,3781246909
1091,Marie Pittman,001-085-723-6933
1092,Michael Henderson,714-437-5690
1093,Austin Garcia,024-838-2000x18516
1094,Kristin Cox,027-135-3644x925
1095,Mary Brown,(281)065-4312x40231
1096,Cory Bradley,(428)242-9692x87304
1097,Ann Gordon,437.481.4431
1098,Zachary Mclean,001-129-110-7170
1099,Kenneth Richards,361-741-0108x954
1100,Jennifer Keller,+1-297-302-0364x39961
1101,David Stone,(411)627-4869
1102,Michael Conner,001-072-727-2765x499
1103,Matthew Adams,+1-293-286-7978x586
1104,Cynthia Ortega,6963305945
1105,David Sandoval,+1-235-605-1535x40262
1106,Kenneth Payne,+1-734-919-3627x25068
1107,Daniel Dunn,001-244-134-9951x7068
1108,Devon Jones,(336)402-7143
1109,Charles Edwards,(452)239-9943
1110,Daniel Martin,(311)218-7090
1111,Mark Lopez,001-718-219-2661x057
1112,Kyle Christian,379.142.9626
1113,Vincent Ramirez,001-811-449-2227x119
1114,Kevin Smith,001-741-585-3048
1115,Ashley Thomas,897-351-7214x012
1116,Autumn Bryant,511.270.3680
1117,Kenneth Gutierrez,+1-235-186-1667x0669
1118,Barry Johnson,001-639-214-8625x5335
1119,Kayla Daniels,(552)399-0516x2145
1120,Andrew Clark,(182)942-1398
1121,Joseph Novak,(500)378-1959
1122,Charles Barry,(869)228-8979
1123,Jaime Reid,695.997.4125
1124,Joseph Horton,(043)446-9804
1125,Brandon Martinez,(771)540-8871x4155
1126,Raven Jones,776-088-6757x50258
1127,Bryan Smith,(838)186-9474x36014
1128,Traci Saunders,990-691-2843
1129,Andres Bridges,672.724.4063x719
1130,Ronald Reese,(078)353-1990
1131,Sandra Martin,(524)217-3633
1132,Andrea Morrow,+1-508-801-5060x41231
1133,Allison Williams,(090)827-5728
1134,Matthew Smith,(340)206-6536x68574
1135,Lee Kaiser,001-815-238-4471x40352
1136,Caleb Ayala,406-042-5720x778
1137,Theresa Hanna,+1-263-364-5656x155
1138,Tracy Davis,877-901-4733x34767
1139,Tyrone Bennett,919.418.8869
1140,Kevin Flores,+1-135-711-3986x4413
1141,Aaron Kim,683.517.6381x9254
1142,Yesenia Novak,083-418-5123
1143,Patricia Duarte,001-019-712-3734x0414
1144,Christopher Shepherd,+1-461-195-3124x59261
1145,Holly Holt,5910986727
1146,Brian Mitchell,405-974-2727
1147,Mary Morris,+1-352-496-0557
1148,Crystal Powers,001-524-095-2661x8272
1149,Jason Sullivan,6200839504
1150,Matthew Sanchez,+1-322-651-2274x8191
1151,James Mercado,001-930-574-3760x7102
1152,Pamela Zhang,581.277.9925
1153,Haley Simmons,(356)828-6020
1154,Mary Barrett,(989)148-6668
1155,Cheyenne Rich,9319888479
1156,Courtney Murphy,324-290-8858x200
1157,Ryan Cruz,+1-607-818-9351
1158,Roger Pitts,091.631.6700x522
1159,Catherine Salas,8835509869
1160,Jessica Grimes,104-242-3984x622
1161,Sean Brown,578-201-3204x54157
1162,Brian Scott,315.912.7305x46085
1163,Lance Morris,(814)695-0010x7646
1164,Patricia Dixon,867.239.8209
1165,Carlos Santana,107-896-7915
1166,James Aguilar,678.293.4182
1167,Roberta Wilson,108-656-9110x219
1168,Stacy Simpson,(345)530-9458
1169,Carrie Martinez,131-844-9754x336
1170,Tommy Greer,878.060.2573
1171,Adam Bolton,(192)519-1093
1172,Marcus Castro,643.795.3208x235
1173,John Curtis,388-168-8574
1174,Douglas Watson,723-235-7296
1175,Samantha Miller,155-287-2526
1176,John Oconnor,+1-565-906-6928x70583
1177,Joanna Sanchez,(468)794-9129
1178,Richard Rodriguez,+1-750-500-2594x94415
1179,Kyle Chase,145.047.2700
1180,Zachary Roberts,001-398-242-8489x4367
1181,Amber Cruz,127-943-4786x6778
1182,Ronald Ferguson,888.388.5289x38592
1183,Jeanne Campos,229.444.1055
1184,Amanda Flores,656.296.5797
1185,Nicholas Hanson,(145)719-1401
1186,Deborah Mckinney,(935)523-9464x82600
1187,Brooke Nguyen,(759)982-5123x0596
1188,Jesse Coleman,439.978.3055x15927
1189,Jennifer Cooper,(764)001-3562
1190,Sandra Webb,(224)791-1132x02255
1191,Zachary Burton,824-544-8326x2551
1192,Cheryl Anderson,631-996-9798
1193,Kathy Jackson,001-956-513-6434x1994
1194,Dustin Myers,+1-694-867-2985
1195,Michael Gonzalez,+1-074-796-6618x350
1196,Rebecca Mercado,+1-399-514-2841
1197,Ana Lawrence,0100031396
1198,Jennifer Gonzalez,+1-704-381-3316
1199,Andrew Collins,(703)103-7281x913
1200,James Townsend,001-161-137-4141
1201,James Taylor,777.586.9069x578
1202,Dylan Simmons,3508203391
1203,Andrew Brown,277-826-1424x76614
1204,Lindsay Hayes,1333901048
1205,Michael Williams,(919)993-6363
1206,Mark Willis,(948)350-4304x75100
1207,Elizabeth Turner,976-405-4743x96184
1208,Scott Johnson,(715)475-4192
1209,Aaron Franklin,992.515.5248x79607
1210,Dustin Mccarthy,001-174-504-9785x151
1211,Stephanie Baldwin,1408852850
1212,Michael Stout,876-963-8765x8214
1213,Samuel Nguyen,001-007-880-7507
1214,Kara Fowler,(585)457-5369x10704
1215,Rachel Young,448.953.0198x3679
1216,Vicki Short,636-080-9381x796
1217,Paul Fitzpatrick,(354)664-6057
1218,Zoe Palmer,(842)303-4903
1219,Matthew Martinez,891-007-2670x57882
1220,Troy Smith,+1-430-705-3977x1472
1221,Nathan Gonzalez,(172)335-4084x78537
1222,Alexander Robinson,(214)435-9287x7420
1223,Jane Ferguson,717-170-3279
1224,Rachel Ramirez,413.856.3123
1225,Eugene Lopez,271-391-0664x41237
1226,Robert Carter,001-329-282-8828x26933
1227,Patricia Campbell,255-799-9551x36793
1228,Joann Chavez,293-653-8075x95340
1229,Kathryn Lewis,+1-239-832-1668x816
1230,Lisa Holder,(054)289-7912x390
1231,Jeffrey Walsh,7378962979
1232,John Rivera,(471)341-4715
1233,Vernon Gonzales,001-985-452-0778
1234,Kelly Bradley,(407)093-9277x550
1235,Donald Diaz,740.508.8516
1236,Alan Jones,040.798.4151x133
1237,Angela Montoya,(259)543-8264x8071
1238,Laura Moore,(218)714-1494
1239,Jessica Keller,953-943-8796x014
1240,Samantha Edwards,001-819-861-5318x096
1241,Amanda Fitzpatrick,+1-522-298-2125x2110
1242,Cameron Lee,5690496058
1243,Emily Hodges,8663948901
1244,Brenda Jackson,561.610.9927x913
1245,Drew Calhoun,(839)564-9463x96395
1246,Gail Holt,001-717-991-6858x11261
1247,Stephanie Solis,6660938743
1248,Mackenzie Kirk,001-770-559-9017x0742
1249,Ashley Hayes,(657)253-1931x5550
1250,Christina Coleman,+1-829-175-3392x570
1251,Michael Brock,869.750.7694x8943
1252,Jessica Jackson,8293966157
1253,Brian Galvan,6503791499
1254,Tara Brown,(340)863-1024x6902
1255,Michael Smith,634.582.6438
1256,Lori Morgan,450-178-1250
1257,Susan Collier,357.034.1645x745
1258,Juan Wong,+1-052-219-5532x0823
1259,David Li,001-391-242-2359x4228
1260,Craig Johnson,796-991-0738x507
1261,Denise Baldwin,027.578.0191x8367
1262,Willie Hodges,094.418.4017x36705
1263,Zachary Rojas,3593345411
1264,Abigail Davenport,+1-177-531-5773
1265,Samuel Owens,(200)251-1754x8292
1266,Jo Davis,001-677-907-3961x38429
1267,Emma Atkinson,322.844.7268
1268,Michelle Watkins,486.223.5255x5025
1269,Richard Wolfe,049.035.5556
1270,Gwendolyn Mack,097.866.7365x9191
1271,Teresa Ward,+1-834-608-2723x93057
1272,Erica Gillespie,536.931.1523x9851
1273,Mary Floyd,+1-758-115-1274x868
1274,Tony Terry,001-764-476-3993
1275,Jesse Woods,967.392.9337x23251
1276,Amber White,(631)390-6036x51657
1277,Jennifer Johnson,917-689-6320x2554
1278,Nicholas Franklin,+1-365-981-3662
1279,Patrick Lee,+1-366-462-5989x75143
1280,Cassandra Mathis,449-169-4705
1281,Brett Giles,001-128-755-8377
1282,Peter Pearson,+1-516-630-1646x46038
1283,Eric Cole,+1-676-268-2696x35179
1284,Amanda Griffin,494.060.1694x12721
1285,Danny Bernard,+1-842-491-2380x526
1286,Jennifer Jordan,(025)357-6336x92009
1287,Daniel Mccarthy,9516440756
1288,Erika Mccoy,160-862-0214
1289,Terri Jones,6672227420
1290,Dana Moreno,271.760.5005
1291,Mike Mcguire,108.036.6616x1166
1292,John Williams,343.103.8490x963
1293,Alexander Trujillo,108-915-0286x3912
1294,Michael Lee,8728734224
1295,Michael Hall,0893414225
1296,Walter Harvey,238-551-5036
1297,Olivia Jackson,927-141-5704
1298,Jerry Gross,(751)096-6309x6603
1299,John Johnson,001-792-715-6667
1300,Jacqueline Gilbert,276-154-5181
1301,Christina Foster,683-229-5417
1302,Cynthia Smith,784.958.4304
1303,Jillian Rangel,641.968.8290
1304,Katherine Thomas,001-417-112-1749
1305,Susan Cruz,122.006.2517
1306,Ethan Lang,694.392.0514
1307,Martin Mercer,(349)502-8813
1308,Ebony Tucker,8507807112
1309,Lawrence Shaw,+1-513-791-7983x172
1310,Susan Guerrero,(930)671-0780x22810
1311,Micheal Joseph,198.846.6064
1312,Tiffany Peterson,997-647-8011x22797
1313,Amanda Nguyen,001-261-129-5815x321
1314,Douglas Russell,499-434-4544
1315,Jimmy Howard,(675)764-4978
1316,Dawn Collins,+1-908-859-5494x418
1317,Emily Anderson,(668)462-0850x871
1318,Joshua Mayer,(280)575-8949
1319,Travis Tucker,(478)079-8274x0615
1320,Deborah Abbott,001-468-782-3059x0900
1321,Christine Campbell,+1-958-979-2244
1322,Sean Hart,(464)654-0538x2044
1323,Bradley Allen,001-233-463-0611x32346
1324,Melissa Garcia,870.821.9943x8314
1325,Melissa Richards,075.287.8592
1326,Christie Costa,+1-729-862-5719x25292
1327,Evan Sharp,+1-344-238-7452
1328,Kenneth Hernandez,001-516-969-2460x9477
1329,Traci Stone,001-290-252-8491
1330,Courtney Reyes,468.596.9048x1808
1331,Timothy Bass,903-236-5203x07215
1332,Luis Wright,001-558-215-2456
1333,Mary Weber,001-283-068-9585x9506
1334,Courtney Brown,6116469208
1335,Robert Taylor,(993)149-3196x25414
1336,Lisa Rodriguez,582.074.2909x155
1337,Sherry Barr,223.949.9703
1338,Jessica Davis,(344)221-7658x0868
1339,Jeffrey Edwards,(159)074-0624
1340,Megan Cortez,001-424-592-8947x88330
1341,Denise Green,978-759-8595
1342,Shawn Bell,(201)836-2319
1343,Debbie Peterson,001-605-005-4908
1344,John Miller,750.782.9986
1345,John Eaton,457.585.7446x03082
1346,Jamie Ramirez,001-137-825-5713x17405
1347,Mark Melendez,(037)079-7930
1348,David Butler,(128)534-2113x4522
1349,Meredith Combs,+1-090-245-7911x16425
1350,Robert Boyd,001-052-764-6048x420
1351,Cathy Mahoney,+1-987-531-8804x0956
1352,Lisa Williams,055-471-7639
1353,Robert Winters,0518436390
1354,Barbara Lowery,169-493-0281
1355,Mark Mueller,(905)502-5888
1356,Sherry Olson,1399632647
1357,Donald Riddle,001-473-499-6693
1358,Dustin Ford,001-366-502-3463
1359,George Lane,3181393507
1360,Michael Hernandez,001-706-778-4273x87434
1361,Paul Mcdonald,105-805-3460x148
1362,Lisa Hodges,+1-984-239-2912
1363,Brenda Rodriguez,001-734-890-6978x992
1364,Michael Roberson,849.517.5567x7515
1365,Carol Hill,2258907199
1366,Autumn Navarro,2149325280
1367,Anita Thompson,001-708-840-9652x74856
1368,Glenda Duarte,(329)355-2746x92579
1369,Denise Schmidt,+1-245-614-1539x7006
1370,Steven Cole,001-775-907-6225x46320
1371,Timothy Harris,001-432-652-6551x419
1372,Melanie Garcia,655.000.1356x674
1373,Andrea Pratt,280.667.9226x10196
1374,Jessica Fowler,(200)687-1595
1375,Scott Bowen,6960902726
1376,Brandy Chambers,199.144.1661x080
1377,Ryan Duncan,429.805.4151
1378,William Horton,+1-207-516-8078x40103
1379,Karen Miller,(608)438-8871
1380,Crystal Shaw,(984)866-3452x1474
1381,William Bryant,+1-047-183-0085x7718
1382,Karen Martin,9829480900
1383,Glenn Griffin,(338)565-5730
1384,David Myers,229-621-4405
1385,Anthony Kim,+1-972-815-4623x19301
1386,Judith Lee,001-123-887-7813
1387,Matthew Nelson,001-199-222-3393x34443
1388,Phillip Miller,(074)825-6423
1389,John Johnson,(061)195-0691x52526
1390,Savannah Thomas,(689)497-8163x0653
1391,Crystal Cantrell,001-979-691-6123
1392,Brandi Campbell,669.550.2236
1393,Andrew Brewer,1758918933
1394,Kathryn Lara,+1-316-363-3119x646
1395,Mark Mullins,612.930.3513x94177
1396,Julia Noble,001-852-313-8051x978
1397,Chelsea Lester,001-860-377-3993x4629
1398,William Wood,001-060-656-5668x964
1399,Dylan Moore,994-661-4880x515
1400,Lynn Jenkins,145-919-3024x6667
1401,Timothy Lopez,1322747548
1402,Candice Blair,381.940.3612x9106
1403,Kathy Jones,883.102.8921
1404,Randy Barr,(054)293-9675
1405,Tiffany Kennedy,(226)898-8243x6683
1406,Melvin Olsen,775-203-2208x8946
1407,Katherine Rivera,001-056-660-5524
1408,Jason Scott,049.812.0629x0552
1409,Joseph Rodriguez,+1-323-021-2325x838
1410,Amy Gomez,(077)255-1321x84550
1411,Faith Wise,007-222-5980
1412,Darlene Martinez,+1-854-710-3396x84743
1413,Ashley Williams,015-418-0887
1414,Susan Olson,774.424.2341x4543
1415,Christopher Stevens,9672722693
1416,Matthew Fields,382.591.0886x096
1417,Tyler Scott,520-637-8995x580
1418,Ashley Bauer,+1-666-701-6198x53918
1419,Jordan Schwartz,769.450.9384x41313
1420,David Ponce,+1-992-320-1257
1421,Jesse Frazier,638-655-3705x823
1422,Timothy Evans,+1-394-321-6494x2720
1423,Hannah Martinez,4166951863
1424,Marcus West,001-282-198-2860x82952
1425,Kathleen Lopez,865-465-4016
1426,James Arroyo,+1-221-549-7592
1427,Brian Dennis,001-723-591-2851x88185
1428,Andrea Weiss,+1-109-276-3034
1429,Cynthia Lowe,407.226.2648
1430,David Myers,028-995-8344x821
1431,Diamond Hogan,960.645.2436
1432,Renee Olson,(937)472-1022x784
1433,Jonathan Cunningham,698-990-8625x82391
1434,Steven Mcintyre,(882)580-0374
1435,Todd Rowe,186.333.7893
1436,Julie Hill,+1-534-910-8663x3810
1437,Jamie Stewart,962-497-0289x36667
1438,Rachael Norman,001-947-482-4795x97821
1439,Jonathan Zimmerman,(995)513-5079
1440,Troy Smith,023.219.4171x9077
1441,John Reeves,001-246-728-8956x8364
1442,Paul Walters,+1-984-709-5458x216
1443,Corey Wood,715.028.6626x00326
1444,Kimberly Wallace,252-157-5287
1445,Austin Jackson,(338)375-5429
1446,David Atkins,(315)978-8446
1447,Bruce Lawrence,673-985-2473x822
1448,Jason West,001-305-294-6179x36877
1449,Veronica Johnson,001-209-581-5044
1450,Nicole Allen,+1-767-848-8916
1451,Brian Summers,540.006.6338
1452,William Herrera,2285338056
1453,Cory Woodard,001-191-889-1621x09747
1454,Sean Rice,7854148194
1455,Mary Gonzalez,001-200-950-8361x855
1456,Jerry Gomez,235.081.6461
1457,Tina Ruiz,855.546.9501x5492
1458,Austin Stewart,001-143-980-3791x1502
1459,Keith Harrison,498.793.1234x675
1460,David Nelson,2692353822
1461,Danielle Massey,585-083-8387x31182
1462,Diana Cook,(676)552-1516x70658
1463,Thomas Phillips,001-954-661-0402x110
1464,Gregory Johnson,763.278.4527x98481
1465,Alexis Goodwin,350-207-5315
1466,Bianca Gray,7144092516
1467,Adam Orr,+1-412-884-0959x412
1468,Jackson Payne,8350853885
1469,Kathleen Mcneil,320.843.1883x200
1470,Jennifer Galloway,+1-968-687-4065x0865
1471,Danielle Anderson,001-644-021-9338
1472,Shelby Valencia,666-115-7216
1473,Elizabeth Castro,(768)815-8908x95628
1474,Jeremy Allen,001-033-664-0521x224
1475,Kaitlyn Pollard,625.118.2717x354
1476,Andrew Baird,240.503.4649x673
1477,Alison Lewis,(897)914-1806x3399
1478,Brittany Schmidt,001-975-885-6322x726
1479,Victoria Thomas,219.584.7928x1411
1480,Mark Harrell,277-174-1746x80833
1481,Nicole Fields,001-234-879-3802x780
1482,Edward Waller,993-766-3282x3877
1483,Kimberly Thompson,(742)111-5188
1484,Samuel Swanson,001-935-683-9803
1485,William Jones,(161)528-6634
1486,Nicole Berry,(650)644-0794
1487,Ryan Mathews,+1-199-708-4774x48551
1488,Lisa Walker,782-575-7772
1489,Scott Rowland,858-221-5004x147
1490,Laura Jackson,(853)345-9476x477
1491,Keith Daugherty,871-169-9217x916
1492,Kristen Burke,633-991-1642x4539
1493,Christopher Combs,612.286.4067x0423
1494,Jesse Mack,+1-205-280-3733x01344
1495,William Webb,436-512-2216x89431
1496,Timothy Brown,001-188-522-5302
1497,Joshua Miller,142.121.4703x9878
1498,Samantha Parrish,001-138-570-4848
1499,Kayla Johnson,+1-186-894-8221x0866
1500,Adam Sawyer,(478)197-4093
1501,Antonio Johnson,(794)951-8416
1502,Corey Ramirez,001-824-083-9207x9215
1503,Joseph Thornton,884.552.7259
1504,Diane Ramos,(631)487-5150
1505,Angela Medina,9627571418
1506,Michael Watson,769.528.3991
1507,Benjamin Sims,964-052-9716
1508,Jack Parker,076-905-3094
1509,Dennis Baker,001-687-689-2246x11354
1510,Lauren Lee,764-252-6561x2918
1511,Todd Foster,001-815-537-4007x346
1512,Christopher Cannon,(191)440-1141
1513,Marie Santiago,+1-589-471-9951x947
1514,Brittany Dunn,7016564299
1515,Shelby Caldwell,709.498.4820x963
1516,Jeanne Wilson,3658631394
1517,Veronica Hale,(927)579-6439x083
1518,Emily Garcia,591.507.3330
1519,Taylor Smith,747-929-8829x584
1520,Caitlin Smith,3834542068
1521,Kaitlyn Howard,(975)329-3297
1522,Amanda Anderson,827.531.6611x06738
1523,Daniel Jefferson,+1-114-358-3194x500
1524,Jason Dean,017.367.8838
1525,Edward Montes,612-931-4986x08027
1526,Jamie Hall,716-511-3869
1527,Karen Chapman,137.208.0667x84875
1528,Robert Lawson,+1-178-924-3671x9483
1529,Ryan Adams,905.017.2895
1530,Aaron Mendez,0664755492
1531,Cristian Oliver,001-971-729-0656x472
1532,Alexandra Stark,(825)208-7729x97957
1533,Lauren Pierce,147.071.4251
1534,Brian Pruitt,(449)189-8605
1535,Jessica Maxwell,148.741.8958x42517
1536,Wendy Lewis,(162)268-4703x311
1537,Todd Palmer,001-097-519-9507
1538,Lauren Wright,567.978.4898x9340
1539,Jason Daniels,4252645723
1540,Melinda Walker,001-042-118-7110
1541,Darrell Lowery,744-546-1968
1542,Edward Petersen,001-968-158-6846x815
1543,Angela Evans,516.824.7288x6223
1544,Casey Carlson,+1-589-916-4592
1545,Crystal Smith,+1-618-966-9067x56978
1546,Jeremy Golden,3650449981
1547,Aaron Mitchell,+1-114-208-3314x615
1548,William Sims,111.852.7096x39612
1549,Charles Hunt,061-815-7046x57546
1550,Jason White,418.065.5069x32292
1551,Carrie Clark,988.758.7847x5714
1552,Michael Waller,699-499-6633x8899
1553,Justin Simpson,+1-486-181-2156
1554,Sheena Ward,7516923887
1555,Kelly Farley,(381)032-2191x41551
1556,Kimberly Roman,001-142-537-5890x62489
1557,Kimberly Boyer,502.927.2137x7895
1558,Rebecca Soto,001-993-197-6847x0960
1559,Julie Smith,(539)203-0581x8536
1560,Theodore Reilly,(172)727-6958x4479
1561,Gerald Baker,968.544.3706x974
1562,Valerie Cardenas,+1-481-747-5381x0670
1563,Sarah Melendez,(266)680-3959x56095
1564,Derek Hawkins,3203440366
1565,Joanne Robertson,+1-652-284-6957x96139
1566,Kevin Vaughan,146-488-7324x787
1567,Ann Lane,(337)135-3429x60702
1568,Zachary Martin,+1-707-341-3756x5166
1569,Trevor Callahan,431.846.6847
1570,Joel Gibbs,583-323-4617x06924
1571,Michael Thompson,001-822-128-8195x215
1572,Kelsey Vaughn,(969)647-7640x486
1573,Ellen Velazquez,424.559.1006
1574,Stacey Torres,+1-717-756-6902x140
1575,Joseph Mitchell,(944)081-3962
1576,Cathy Daniels,781-980-9086x436
1577,Devon Ford,001-405-316-2740x402
1578,Janice Haney,518.337.0162x2418
1579,Andre Flowers,(016)776-6289
1580,Christopher Lewis,214.168.5852x6295
1581,Dale Sutton,+1-036-990-3933
1582,Alexander Thompson,1724518188
1583,Matthew Martin,(500)312-8050x11996
1584,Jose Flynn,851-328-9762
1585,Mary Santiago,+1-235-819-3027x0170
1586,Brandon Fox,(664)285-9004x6699
1587,Lindsey Watson,(507)703-3397x66806
1588,Virginia Jacobs,001-378-620-7730x960
1589,George Carter,5221451525
1590,Lisa Garcia,(800)994-5588x4990
1591,Christian Cummings,397-829-6804
1592,Anna Fitzgerald,834.899.5590
1593,Tina Gates,280.276.4682x2472
1594,Aaron Ellison,160.822.3625x13807
1595,Andrew Rojas,001-799-632-6369x65037
1596,Misty Love,(826)991-8380x5776
1597,Diane Morris,001-564-329-2699x3151
1598,Jordan Phillips,561.664.5988
1599,Lauren Salinas,(642)401-9166x49650
1600,Eric Watson,+1-177-739-9504x65627
1601,Kerry Brown,001-228-249-0532x741
1602,Kyle Gordon,(591)101-0573x45404
1603,Billy Carter,463.221.8437x3742
1604,Aaron Evans,(092)898-9499
1605,Tiffany Johnson,+1-557-382-9188x86946
1606,Stephen Kennedy,1624932905
1607,Joshua Watts,8061460578
1608,Donna Davis,(017)624-3786
1609,Leroy Butler,603.873.8999x14748
1610,Michael White,001-656-347-8827x5775
1611,Kristin Snyder,509-015-7943x1627
1612,Cory Cameron,+1-886-937-2134x043
1613,Jessica Bailey,(157)968-5914x89698
1614,Rachel Lawrence,912.259.9388
1615,Patricia Wilcox,+1-489-013-0936
1616,Sherry Porter,(721)509-6464x6235
1617,Ronald Fuentes,486.540.0611x28182
1618,Alexis Watkins,001-196-358-1096x155
1619,Amy Steele,+1-074-095-8785
1620,Brenda Newman,800-552-0294x247
1621,Megan Roberts,471-378-3557
1622,Kelsey Burke,+1-054-306-3452x8771
1623,Lacey Scott,(502)344-3691x9033
1624,Donna Hall,784-601-4277x3213
1625,Donald Brown,296.867.3378x4913
1626,Ronald Ramirez,458-495-0351
1627,Laura Valenzuela,001-501-607-2700x645
1628,Kelly Lopez,(312)886-7753
1629,Leah Hernandez,462.301.4467x96525
1630,Scott Alexander,(460)512-8160x8264
1631,Kelly Davis,(172)713-6656x5685
1632,Kathy Lewis,(712)876-1483x6390
1633,Matthew Ortiz,+1-341-411-7103x6004
1634,Tiffany Herman,426-466-2446
1635,Richard Koch,+1-696-025-0497x465
1636,Victor Clark,001-891-293-2800x571
1637,Christian Berry,001-381-873-8963
1638,Jennifer Short,488-020-8295
1639,Jeffrey Norman,+1-956-502-4906x80029
1640,Dakota Burgess,565.474.2117
1641,Christina Hunt,396-659-2263x826
1642,Thomas Hayes,165.794.4132x1179
1643,Tammy Edwards,(700)413-7599x426
1644,Tammy Allen,(078)646-2953x90476
1645,Taylor Garza,718.707.0588x30656
1646,Lisa Fitzgerald,001-558-637-1596x76135
1647,Barbara Hester,587.487.7488
1648,Jonathan Baker,+1-478-971-9844x1876
1649,John Montgomery,+1-498-008-2254
1650,Henry Rodriguez,7661824672
1651,James Davis,3860947271
1652,Alejandro Miller,+1-071-219-5084x13428
1653,Brandon Hayes,+1-123-503-9275x08327
1654,Catherine Peterson,221-739-3321x485
1655,Raymond Hall,001-359-400-5846x6048
1656,Jacob Bautista,568.512.2367x9113
1657,Bryan Houston,+1-491-063-6845x71041
1658,Alvin Bolton,100.735.7201
1659,Madison Myers,328-269-4266x320
1660,Mary Santiago,007.137.8550
1661,Patricia Rodriguez,651-761-8054
1662,Karen Johnson,001-225-946-3996x384
1663,Cynthia Davis,+1-109-691-1579x521
1664,Robert Fox,041.280.2718
1665,Christopher Mcmillan,+1-066-818-7002x818
1666,Nicholas Adams,464.837.9681
1667,Sarah Flores,843.217.8749
1668,Heather Adams,262.837.7434x1847
1669,Charles David,001-338-750-3511
1670,Linda Weeks,+1-269-594-2745
1671,James Holland,(333)147-6169
1672,Harry Garcia,001-451-014-7271x502
1673,Sara Perez,7540902149
1674,Adam Harper,463-732-0317x2736
1675,Tricia Terrell,(079)147-6277x06282
1676,Melissa Medina,1432264215
1677,Julie Choi,909.701.4639
1678,Randy Murphy,+1-181-385-3089x613
1679,Ryan Ryan,001-047-464-3840x224
1680,Tammy Mckenzie,714-277-7284
1681,Dawn Bond,0679770373
1682,Wendy Coleman,496-558-4119
1683,Olivia Thornton,668-577-7473x068
1684,Joseph Wilson,359.279.0316x4659
1685,Emily Johnson,001-617-872-9494x647
1686,Jack Miller,597.451.7140
1687,Nicholas Washington,055-848-3785x2872
1688,Steve Turner,(935)320-4730x752
1689,Stephanie Colon,955-229-9446x48235
1690,Jeffery Smith,(985)560-8154x2959
1691,Christine Camacho,+1-091-929-0948x744
1692,Gabriela Moore,913-738-6938x6507
1693,Kathryn Carter,001-440-727-7290
1694,Jeffrey Weber,856.870.9872
1695,Nicole Johnson,(160)188-0752x305
1696,Pamela Nichols,(905)542-7110
1697,Ashley Walters,1009588877
1698,Crystal Colon,994.191.4043x304
1699,Michael Evans,1562066210
1700,Jeffrey Moss,445.725.7268x07602
1701,Kimberly Rivera,(705)427-5502x601
1702,Eric Callahan,162.404.6568x80891
1703,Beth Acosta,(799)206-7482x741
1704,Tracy Ellis,9943698040
1705,Kyle Fowler,134.665.0841x755
1706,Lisa Richards,(301)072-0575
1707,Ronald Lee,(293)713-1225
1708,James Rodriguez,001-175-580-6401x4241
1709,Scott Clark,(275)173-6286x617
1710,Angela Hill,4414276413
1711,Claire Shepard,910.688.3853x4084
1712,Brian Wilson,(505)266-9387
1713,Alicia Moody,(489)853-1613x934
1714,Wesley Costa,014-645-4005
1715,Donald Harris,197.849.3358x36854
1716,Sara Horn,(339)127-0875x75726
1717,Mary Castro,001-199-293-4093x357
1718,Lisa Moreno,(756)884-3878
1719,Brenda Scott,007.511.4895x5910
1720,Jonathan James,001-108-869-4653x732
1721,Mary Ford,001-467-112-4202x5708
1722,Gary Miller,812.233.1760x4259
1723,Abigail Green,428.599.1888x0406
1724,Brandon Scott,+1-044-991-9330x6211
1725,Jennifer Mcintosh,+1-060-874-3569x423
1726,Meghan Baxter,(482)604-5712x6890
1727,Dominique Bowen,+1-538-194-1036x34160
1728,Kevin Lucas,(485)381-6962
1729,Benjamin Jimenez,(410)493-1792x85080
1730,Joshua Garcia,233.480.1157x700
1731,Danielle Howell,294-461-5501
1732,Kimberly Baker,(761)590-1921
1733,Abigail Jones,001-278-914-4128x977
1734,Nicole Reynolds,+1-230-492-5543x56449
1735,Katrina Young,930.368.3610x97414
1736,Samuel Kim,(174)937-6929x01887
1737,Timothy Griffin,687.056.3696
1738,David Banks,001-913-446-6747x49430
1739,Connie Little,(043)990-8643x992
1740,William Nguyen,(245)517-1862x517
1741,Michael Gonzalez,001-806-577-6750x3216
1742,Nicole Howard,592-521-0177x2864
1743,Crystal Wilson,+1-193-591-8369x470
1744,Dawn Bell,001-979-309-0042
1745,Bailey Rodgers,402.242.2199x11926
1746,Lindsey Burns,+1-877-618-1020x344
1747,Jennifer Mathis,914.560.5254
1748,Natalie Buckley,(733)359-5478x864
1749,Brandi Cox,604-785-2241x688
1750,Nicole Smith,+1-153-097-3873
1751,Carl Brown,653-533-4036x659
1752,Alyssa Adams,+1-270-388-8319x918
1753,Haley Guerrero,+1-503-877-0541x1805
1754,Emily Klein,747.093.6685
1755,William Ramirez,533-825-7827x433
1756,John Kennedy,+1-981-359-9245x7673
1757,William Horne,+1-889-832-9461x357
1758,Gregory Perkins,001-152-575-1587x985
1759,Erin Jones,167.015.2765
1760,Andrew Jones,+1-079-405-0846x62366
1761,Anna Hughes,001-798-440-3617
1762,Michael Nixon,001-168-076-6331x69359
1763,Alison Harris,247.821.4529x33088
1764,Mark White,(589)488-3108
1765,Dustin Flores,001-297-398-3000
1766,Julie Ramos,001-535-096-9542x61577
1767,Brendan Dalton,536.016.6026x6818
1768,Amy Nelson,078-813-8461x1954
1769,Christopher Young,+1-300-758-6776x8141
1770,Andrew Jones,929-243-6029
1771,Eric Freeman,7819892002
1772,Jaclyn Bartlett,263-747-6412x141
1773,Angela Bell,+1-486-657-9908x0815
1774,Kimberly Garner,(484)955-3262
1775,James Nguyen,(640)901-7482x464
1776,Scott Wilson,581-414-6547x325
1777,Charles Ortiz,(959)726-0637
1778,Kathryn Smith,(072)853-2596
1779,Joseph Sutton,185.422.9847
1780,Lisa Fox,431-350-2692x15905
1781,Melanie Barnes,(870)548-4507x45093
1782,Antonio Mcknight,438.294.5283x804
1783,Charles Wade,(802)241-6267x58426
1784,Ronnie Cross,+1-581-722-7866
1785,Anthony Ward,9459586856
1786,David Fuller,231.921.6289
1787,Timothy Hill,(819)525-9329
1788,Andrew Holt,746-130-1981x53767
1789,Melissa Murphy,001-442-174-6044x8768
1790,Henry Combs,392.773.9299x99970
1791,Andrew Cunningham,571-118-6347
1792,Jennifer Warren,(373)717-9544
1793,Paul Wiley,219.533.3871
1794,Janice Johnson,+1-378-211-0254x1545
1795,Kevin Ford,(898)301-8690x9139
1796,Denise Woods,(138)897-0716x85967
1797,Michael Lopez,+1-784-017-6125x57207
1798,Sandra Curry,(641)939-9159x91274
1799,Jennifer Miller,(789)259-3057
1800,Brooke Greene,282.865.9096x8917
1801,Daniel Combs,973.714.7747
1802,Zachary Leonard,347-394-0696
1803,Joy Little,001-706-368-2669x8885
1804,Jack Porter,329.846.4769x7147
1805,Johnny Wall,(203)359-8008
1806,Jodi Jimenez,186-179-8740
1807,Regina Morales,438.116.6741
1808,Megan Sims,313.035.3856x861
1809,Heather Gardner,(110)256-4244
1810,Dorothy Barnes,025-388-4509x779
1811,Jennifer Harmon,352-809-3068x24460
1812,Theresa Wade,(449)302-5168x231
1813,Terri Rice,392.542.5251x2745
1814,Denise Miller,+1-853-064-9667
1815,Jamie Graham,(909)194-4136x66122
1816,Angela Price,064-090-8666x097
1817,Rachel Stafford,(654)991-0248x258
1818,Amy Richardson,5248669469
1819,James Calhoun,001-086-202-7076x55620
1820,Aimee Robinson,(754)071-7460
1821,Alexis Lynch,+1-509-400-6674x0957
1822,Alexander Webb,(160)745-9486x9828
1823,Shawn Franco,273.571.8553
1824,Jacqueline Sullivan,042-287-0474x247
1825,Kristin Anderson,355-570-9215
1826,Stephanie Fisher,2380127345
1827,Keith Brown,002-197-4193
1828,Kevin Hayes,906-906-8942
1829,Kimberly Sherman,(631)842-5474x7779
1830,Brandi Vang,(097)825-2513
1831,Connor Cooper,001-535-457-4877x64952
1832,Corey Acosta,680-642-9770
1833,Allison Hampton,039.932.2750
1834,Willie Ramirez,791.467.9397x10335
1835,Nicole Anderson,+1-780-367-4116
1836,Danielle Logan,581-568-9621x012
1837,Steven Barrera,+1-418-916-4982x06782
1838,Juan Smith,264.203.8451
1839,Jared Jones,001-361-141-7763x313
1840,Shane Casey,7175619659
1841,Julie Smith,183.984.7746
1842,Anna Taylor,441.334.4412
1843,James Wilson,(511)190-2154
1844,Crystal Jackson,726.411.7825x6864
1845,Elizabeth Ross,7399779618
1846,Nicole Johnson,001-251-321-6292x573
1847,Nancy White,143-451-1371x630
1848,Jeffrey Decker,001-801-873-8719
1849,Robert Lee,(438)094-3453x65893
1850,Patrick Moore,146-335-1382x1419
1851,Stephanie Owens,+1-484-013-2512
1852,Faith White,5750705797
1853,Heather Johnson,619.534.4643
1854,Michelle Hampton,689.461.8841
1855,Ashley Soto,(088)559-1757x89452
1856,Benjamin Pena,116-293-5444x7677
1857,Marilyn Craig,169.444.6057
1858,Cindy Johnson,+1-837-463-5815
1859,Madeline Osborn,001-293-467-1319x319
1860,Vanessa Avila,023.692.9163x38156
1861,Crystal Ho,001-948-613-0598x396
1862,Karen Cook,656.653.7292x0829
1863,Anthony Fox,(422)800-1033
1864,Stephen Russell,(293)350-3147x723
1865,Joseph Lopez,001-901-255-8787
1866,Jennifer Diaz,143.689.8157x541
1867,Kim Williamson,+1-389-117-5461x903
1868,Alan Anderson,+1-450-782-2087x837
1869,Yvonne Smith,778-560-2942x40468
1870,Katie Sanchez,001-616-994-8578x678
1871,Heidi Sharp,001-762-630-8568x36883
1872,Mary Campbell,8072906945
1873,Thomas Davis,+1-069-676-7797
1874,Megan Walls,(554)139-0455
1875,Victoria Davis,9306323443
1876,Michelle Brown,659.757.5303x80742
1877,Michael Morrison,001-527-786-5235x902
1878,Amanda Hendricks,(935)480-8106x3127
1879,Lisa Dawson,(252)023-4057
1880,Robert Nunez,(477)583-6001x322
1881,Noah Thompson,001-394-881-7405x208
1882,Vanessa Gray,567.488.4196x55015
1883,Wanda Benson,+1-446-114-8827
1884,George Guerra,+1-847-756-4586x850
1885,Tami Berry,+1-877-784-5300x18067
1886,Cristina Lopez,8960232318
1887,Margaret Brooks,8687594962
1888,Charles Johnson,411-006-7634x829
1889,Larry Gonzalez,838.130.5719x40117
1890,Kristen Smith,476.926.8985x347
1891,Jonathan Robles,001-507-925-4730x3644
1892,Erin Olson,001-285-398-6720x2932
1893,Randall Adams,940.640.7965
1894,Susan Johnson,001-477-119-6216
1895,James Walker,(764)159-5444x63107
1896,Jose Rodriguez,001-677-651-5834
1897,Kristina Burgess,476.776.5727
1898,David Campbell,009.714.0927
1899,Christina Ortiz,+1-787-920-8482x0441
1900,Sarah Hunt,001-595-878-8899x53182
1901,Daniel Wallace,+1-123-364-8451x223
1902,Timothy Braun,(943)436-7901x59520
1903,Katherine Carroll,(984)446-3250x454
1904,Kristina Cruz,041.762.0592
1905,Tammy Jackson,694.348.2924
1906,John Adams,(222)167-5222
1907,Angela Marks,+1-016-697-5095
1908,Destiny Trujillo,328-879-7807
1909,Kathleen Miller,944-478-5688x12375
1910,Anthony Hart,+1-370-844-6943x6413
1911,Sherry Ingram,(833)469-1915
1912,Jesus Roberts,(508)535-5167x597
1913,Joel Vang,+1-346-510-2090x77552
1914,Joshua Johnson,220.682.2303
1915,Alisha Cunningham,692-030-6289x26705
1916,James Austin,+1-112-366-9303x936
1917,Christian Huffman,(850)864-1615x0385
1918,Jessica Miller,001-775-576-1825
1919,Regina Garza,424-755-6518
1920,Patricia Oliver,2294937618
1921,Stephanie Phillips,909-392-2048x0756
1922,James Williams,(321)340-1543
1923,Sara Miller,323-492-3355x9839
1924,Ryan Collier,214.988.1766x32859
1925,Tammie Jefferson,348-984-5602x10746
1926,Scott Green,713-752-7359x16234
1927,Alexander Moore,001-482-093-9918x4916
1928,Mark Thompson,+1-101-569-7012x843
1929,Mary Thompson,300-534-5933x00750
1930,Renee Mcdowell,+1-266-066-8243x053
1931,Brian Moore,(115)552-5547x21373
1932,Emma Thomas,0206281146
1933,Heather Brown,029-590-7149x00186
1934,Robert Ortega,100-265-7475x4794
1935,Ann Russell,+1-479-297-3331x864
1936,Joseph Martinez,(263)773-9432
1937,John Barron,001-302-171-2157x349
1938,Kevin Howard,6220305475
1939,Cindy Lopez,+1-192-090-5146x04579
1940,Isaac Robinson,001-244-170-1771x676
1941,Sarah Adams,333.583.4819x4654
1942,Frank Moore,677.750.0796
1943,Nathan Mcmahon,944-281-8321x12659
1944,Stacie Diaz,361-781-8020x47117
1945,Jason Rodriguez,(420)583-2794x18289
1946,John Stephens,001-221-412-6050x2155
1947,Jeanne Juarez,787.211.8896x16822
1948,Lee Wilkinson,987-439-7328x619
1949,Amanda Evans,+1-127-152-2557x885
1950,Nancy Hanson,(973)047-7538
1951,Connor Davis,001-689-336-6108
1952,Chelsey Levine,806.616.3961
1953,Sandra Juarez,(924)886-1484
1954,Andre Clayton,001-529-193-9590x6872
1955,Christopher Gomez,+1-786-181-2961x290
1956,Roger Swanson,390-485-1581x4975
1957,Vicki Bauer,536-303-6710x670
1958,Jeffrey Stewart,+1-782-144-2875x0722
1959,Randy Richards,001-446-120-0797x3400
1960,Kevin Juarez,366-448-2106
1961,Shawn Cole,646.856.4537
1962,Emma Richards,001-054-344-1559x485
1963,Catherine Ortiz,644-443-3203
1964,Stephanie Wolfe,994.719.9980
1965,Barry Griffith,+1-534-518-0075
1966,Monica Mcdaniel,001-286-348-4055
1967,Kenneth Hayes,661.272.9031x135
1968,Megan Cline,657-260-3824
1969,David Tran,603-021-6598x172
1970,Maria Patterson,905.424.1943x08176
1971,Paul Jarvis,(558)987-5184x05418
1972,Eduardo Wells,654.418.3220
1973,Samantha Moore,(519)339-6728x8646
1974,Alexis Avila,(148)088-1591x3628
1975,Kenneth Myers,304.668.5378
1976,Miranda Jones,026.924.6121x035
1977,Amanda George,850-187-6163x2270
1978,Amanda Blevins,570-837-9366
1979,Christopher Thomas,+1-921-730-8013x661
1980,Roger Gregory,886-359-6149
1981,Jared Johnson,(137)557-9351x52595
1982,Paul Smith,138.811.0333x4593
1983,Stephanie Sullivan,3511380627
1984,Connie Hansen,001-736-905-0499x1200
1985,Joseph Baker,626.424.1624x7204
1986,Mitchell Black,+1-378-201-1656
1987,Derek Fowler,+1-685-899-2385
1988,Michael Anderson,+1-146-516-9544x47487
1989,David Ingram,360.113.7320x437
1990,Elizabeth Quinn,+1-131-832-8330x2701
1991,Jeffrey Drake,667.894.4421x8946
1992,Amber Scott,953-147-0177x438
1993,Whitney Larson,8976382652
1994,Trevor Brooks,(579)195-9582x0235
1995,Rachel Taylor,(373)271-6136x1008
1996,Cassidy Smith,+1-756-268-3430
1997,Leslie Harmon,459.714.4363x396
1998,Jeremy Rowland,089.288.1633x9146
1999,Jeffrey Griffin,842-824-9693
2000,Adam Jones,271-814-1455
2001,Luke Zavala,249-068-7199x9670
2002,Richard Coleman,+1-600-505-2242x92482
2003,Allison Mccormick,587.122.5494x6910
2004,Julie Gross,(146)792-2101x75958
2005,Monica Castro,687-726-9722
2006,William Green,(760)132-9293
2007,Mallory Wolfe,229-086-2218
2008,Carol Miller,(537)316-4462
2009,Antonio Tran,275.946.3785
2010,Kimberly David,(032)286-2233x99522
2011,Emily Diaz,+1-360-691-4356
2012,Robert Brown,+1-332-113-6868x09339
2013,Norma Johnson,001-830-245-0660x54743
2014,Samantha Turner,5300621418
2015,Aaron Williams,+1-231-255-2866x320
2016,Lisa Simpson,+1-219-580-3258x348
2017,Samantha Mccann,097.579.6904
2018,Samuel Brown,001-125-931-9412x6079
2019,Brittney Rubio,543.141.4519
2020,Sarah Smith,(958)459-5344x17349
2021,Kelly Brown,(382)863-6055x434
2022,Mark Howard,001-781-765-3346
2023,Stephen Wade,426-599-9045x3624
2024,Courtney Jones,+1-408-499-3953x7652
2025,Cynthia Smith,1519677173
2026,Brian Reed,920-082-1154
2027,Andrew Burns,917.922.4699x272
2028,Erik Guzman,(924)317-1520x08138
2029,James Chandler,001-030-324-2928x32262
2030,Evan Dickerson,240-978-6230x199
2031,Drew Allen,845-371-9348
2032,Allison Flores,5223571064
2033,Edward Jones,(359)955-8162
2034,Joshua Carter,+1-507-389-4833x0815
2035,Valerie Wolfe,030-313-4204x271
2036,Ryan Stevens,(836)277-4511x9619
2037,Andrea Martinez,(301)769-0845
2038,Dana Peterson,001-909-384-4741
2039,Michelle Roach,7481922790
2040,Paige Jackson,+1-427-317-4168
2041,Mary Salas,+1-546-725-7084x102
2042,Amanda Roberts,776.149.9620x984
2043,Sylvia Dudley,(668)387-7428x136
2044,Emma Fry,001-986-391-3341x350
2045,Wendy Wood,+1-283-544-4980x496
2046,Whitney Baldwin,(117)707-9338
2047,Peter Mills,522.641.7881x9444
2048,Jesus Johnson,033-559-9005x78380
2049,Rhonda Morales,(305)099-0499x68145
2050,Kendra Reyes,671.964.3002x704
2051,Kim Santos,(048)871-0593
2052,Karen Johnson,(080)701-9852x7996
2053,Brittney Cook,(438)509-7989
2054,Amy Ortiz,001-838-862-5812x6290
2055,Charles Curtis,(187)071-7472x253
2056,Tami Murphy,(086)682-7258x93911
2057,Regina Moreno,149.422.8118x5709
2058,Lauren Martin,(931)915-5874x76112
2059,Brandon Harrison,(537)090-4532
2060,Juan Finley,+1-417-252-5478x5583
2061,Katie Singh,868-625-8486x7243
2062,Nicholas Adkins,001-793-407-5119x2243
2063,Bryan Lewis,2962328160
2064,Pamela Campbell,001-355-099-3433x4729
2065,William Castro,+1-536-281-0171
2066,Robert Singh,7766143053
2067,Kendra Kaufman,451.392.0136x1530
2068,Stephanie Walker,+1-424-655-8563
2069,Adrian Kim,001-537-275-8134
2070,David Thomas,(700)567-8955
2071,Brittany Mercado,293-892-4196
2072,Tammy Jones,586-982-7846x14634
2073,Brandon Orozco,728-420-7913
2074,Amber Campbell,001-598-704-4319x5000
2075,Jeffrey Gilmore,067-735-8987x95248
2076,Henry Salinas,772-159-6991
2077,Chelsea Lyons,+1-692-356-5206
2078,Christie Buchanan,496-146-9819
2079,Jessica Hoffman,+1-178-432-5058x16733
2080,Loretta Bauer,2125420915
2081,Ronald Potter,+1-469-137-2322
2082,Robert Hill,763-064-2759x9879
2083,Mary Sanchez,001-566-537-5458x510
2084,Angela Cochran,969.792.1982x3539
2085,Aaron Allison,001-662-448-0640
2086,Dylan Henry,1319417472
2087,Katelyn Barnes,275-965-1125x8141
2088,Renee Klein,+1-904-162-8180x16526
2089,Molly Sanders,867-987-9204x7823
2090,Patrick Wilson,+1-034-823-8452x60074
2091,Elizabeth Hall,212-184-7036x65586
2092,Amber Cline,7870301890
2093,Katherine Hayden,(050)504-6163
2094,Ronald Peterson,602-513-6340x5963
2095,Jennifer Browning,780.883.6042x041
2096,Carla Calderon,192-938-0024
2097,Stephanie Mills,+1-250-692-8897x2962
2098,Michael Lester,400.638.2974x23466
2099,Melody Hunter,4006316712
2100,Sandra Short,9020234303
2101,Michelle Berry,274.266.9515x654
2102,Mark Reyes,(703)154-9648
2103,Eduardo Davis,396-846-0649x3763
2104,Joseph Martinez,+1-877-054-2090x6668
2105,David Tran,+1-381-802-0600x6530
2106,Colleen Larson,886.796.2470x4066
2107,Alan Charles,(729)845-1909x98123
2108,Joshua Nguyen,+1-332-121-1905
2109,Laura Beltran,313.738.5770x8678
2110,Kelly Bowen,288-898-2206x85425
2111,Heather Miller,+1-400-562-8029x061
2112,David Armstrong,0566760490
2113,Heidi Stone,(122)972-0919x705
2114,Todd Wu,712.708.1972x1935
2115,Melissa Jones,529-670-9816x46851
2116,Steven Cooper,316.391.2612x139
2117,Jennifer Jordan,001-090-243-5111x90939
2118,Sarah Hale,(275)560-0835x3486
2119,Ryan Matthews,(063)481-9217
2120,Sara Barnes,+1-400-051-5490x225
2121,Rodney Howell,+1-390-292-4003x8869
2122,Susan Montes,(225)937-9348
2123,Andrea Brown,184.035.2638x0089
2124,Donna Navarro,012.497.9021x393
2125,Carl Wheeler,+1-707-959-5137x1738
2126,Katherine Mccormick,420-964-4883x6901
2127,Crystal Butler,(571)038-6133x864
2128,Tamara Hughes,426-707-3730
2129,Ruben Harris,7003956284
2130,Todd Goodwin,649-150-6508x346
2131,Peter Vargas,634.208.9904x77120
2132,Kristi Cunningham,415-017-4670x384
2133,Jon Lamb,948-738-9626x510
2134,Christopher Woodward,(563)126-8533
2135,Ashley Mullen,+1-080-444-8215x655
2136,William Walker,408.710.4857x2286
2137,Eric Hubbard,001-347-015-5085x85515
2138,Bryan Coffey,6611540542
2139,Elizabeth Butler,+1-914-602-9808x6781
2140,Jennifer Ross,3010001729
2141,Denise Perez,+1-739-040-2543x59594
2142,Kimberly Jackson,217.369.1076
2143,Melissa Miller,7833497650
2144,Carrie Patel,001-768-220-6819x9286
2145,Christopher Martin,820-418-3091x8797
2146,Matthew Carter,(991)773-1939x582
2147,Nicole Gonzalez,432-459-8088
2148,Angela Walker,709.341.4959
2149,Lynn Allen,+1-538-132-4068x00566
2150,Tiffany Elliott,448-236-5136x98465
2151,Thomas Douglas,(231)212-4027x94253
2152,Brandon Hicks,890.184.2078
2153,Bethany Gentry,594-132-5025x933
2154,David Lee,001-645-435-7852
2155,Heather Williams,4806539181
2156,Melissa Hunter,(456)760-6120
2157,Gregory Day,957-082-1110x37169
2158,David Benson,001-598-901-2841x43616
2159,David Hunter,445-021-3860
2160,Jessica Johnson,277.289.4758x094
2161,Erik Barron,313-222-3042
2162,Ronald Mitchell,001-741-836-7196x5469
2163,Jennifer Roberts,(038)785-0643
2164,Christopher Contreras,452-967-8499x8291
2165,Andrea Sanchez,194.959.8548
2166,Jeanette Holland,001-081-075-4571x35369
2167,Joshua Baldwin,691.266.0136
2168,Samantha Rodriguez,001-710-566-2610x733
2169,Alan Huffman,(989)637-3056
2170,Joseph Watkins,2490098497
2171,James Robinson,+1-837-474-5249x95777
2172,Jeffery Austin,001-246-702-2627x85877
2173,Kevin Lewis,(125)762-5837x734
2174,Andrea Vasquez,605.598.0538x77160
2175,Mackenzie Carlson,+1-482-400-5281x84294
2176,Gary Richard,423-028-4521
2177,Tyler Fuller,192-360-5425x57679
2178,Rachel Kaufman,001-811-845-3800
2179,Alexa Santos,926.902.1560x676
2180,Nathaniel Kirby,(375)979-8425x686
2181,Michael Mccoy,307.291.2571x88119
2182,Regina Hamilton,001-542-591-9214x576
2183,Paula Frost,(738)927-5404
2184,Christine Hill,001-402-427-0147x8439
2185,Brendan Jackson,655-750-0825x397
2186,Shannon Stevenson,(273)446-6009
2187,Annette Ramirez,975.655.9429
2188,Scott Evans,+1-423-611-9987x367
2189,Denise Friedman,+1-597-765-4248x294
2190,Marcus Jordan,132-472-7582
2191,Danielle Smith,+1-416-908-3117
2192,Keith Skinner,093.434.2358x606
2193,Joanna Spencer,390.700.4647
2194,Nancy Williams,892.671.6670x00279
2195,Melanie White,3190116545
2196,Tricia Horton,158-578-3802
2197,Jared Fernandez,(655)595-2710
2198,Michelle Willis,239-813-8310x4705
2199,Kenneth Brown,+1-564-307-4241x505
2200,Regina Proctor,7482835037
2201,Brittany Trujillo,128.712.3212
2202,Travis Jensen,654.935.7913
2203,Steven Lee,+1-541-423-4837x763
2204,Rachel Stevens,193.504.7244x4314
2205,Christina Snyder,+1-014-773-5962x3372
2206,Misty Rich,001-926-937-4467x4170
2207,Lynn Stephenson,9622043689
2208,Samantha Fox,001-774-676-4391
2209,Kristina Alvarez,(487)545-2993
2210,Mary Little,097-561-1675
2211,Eileen Goodman,001-353-651-3490
2212,Travis Johnson,754-721-4125x067
2213,Amy Foster,001-297-936-8122x1284
2214,Michelle Thomas,(375)504-9549x57309
2215,Eugene Calderon,7023178621
2216,John Jones,037-977-2577
2217,Brittany Friedman,014.755.4753x0397
2218,Mark Costa,412-451-5656x004
2219,Melanie Gonzalez,001-266-630-6779
2220,Paul Flores,+1-893-814-4626x7050
2221,William Harrison,(115)091-1943x29400
2222,Caleb Ward,001-440-855-5885x888
2223,Christopher Livingston,778-348-7560x6423
2224,Kimberly Chambers,880-977-2263x0588
2225,Angela Hartman,001-403-449-7515x86890
2226,Bobby Hill,839-450-6594
2227,Stephanie Anderson,(982)823-6389
2228,Terrance Martinez,+1-405-688-0121
2229,Kimberly Long,8567547584
2230,Donna Raymond,(362)773-3853x3713
2231,Priscilla Murphy,956.118.9826
2232,Michael Caldwell,001-145-727-7663
2233,Abigail Rowland,957-765-1189x251
2234,Kenneth Hopkins,(658)375-4601x953
2235,Christopher Miller,619.862.0059x7828
2236,Pamela Williams,353.414.6136
2237,Jason Lynch,001-788-537-1300x4192
2238,Corey Morris,064-440-3621x34063
2239,Debra Edwards,(506)293-5667x0190
2240,Miranda Obrien,569.202.4950x8732
2241,Isaac Anderson,(840)333-4915
2242,Mark Hatfield,(584)947-2362
2243,Benjamin Meyers,397.782.7460x5545
2244,Karen Johnson,953.479.5798x3596
2245,Nancy Mendez,865-240-3020x902
2246,Stephanie Fuller,(768)384-0950
2247,Robert Watson,276-573-0591
2248,Katherine Young,+1-031-881-2836
2249,Brandon Watts,028.838.6436x12563
2250,Terrence Dunn,599-786-8926
2251,Beth Johnson,001-901-055-6137x25751
2252,Michael Hayes,001-407-226-4208x070
2253,William Hull,001-346-293-4512x2322
2254,Lauren Castro,(499)595-4328
2255,Christopher Bennett,+1-840-608-0224x6020
2256,Julie Johnson,318.931.3845
2257,Rachel Watkins,173.637.8325
2258,Donald Hicks,+1-004-792-2419x8522
2259,Zachary Fletcher,+1-150-678-0930x1486
2260,Rhonda Cordova,(979)286-5458
2261,Lisa Marshall,001-173-343-3726
2262,April Berry,495-781-7400x504
2263,Zachary Smith,412.039.8368x016
2264,Manuel Becker,(866)888-3302
2265,Ryan Johnson,055-176-7606x891
2266,Victoria Camacho,001-606-651-2700x9769
2267,Judith Small,(795)535-8094x2996
2268,Kelly Villarreal,(046)180-8887
2269,Jennifer Mason,001-821-951-8795x1377
2270,Jason Parker,001-744-002-6698x4845
2271,Thomas Buchanan,8173273634
2272,Melissa Smith,2682480587
2273,Bradley Burke,900-078-2850x96547
2274,Anthony Conrad,(179)671-4624x7918
2275,Ann Snyder,+1-217-391-5518
2276,Carl May,+1-161-116-7103x95948
2277,Alexandria Barr,025-346-7592x87347
2278,Michael Espinoza,(320)449-0714x118
2279,Katherine Neal,998-601-4962x441
2280,Brady Jackson,269.883.7539x103
2281,Amy Norris,095.753.4890x76211
2282,Calvin Ware,659-588-0840x081
2283,Phillip Weeks,039-598-8592x11990
2284,Michelle Turner,8647570831
2285,Kimberly Turner,001-016-388-4572x1214
2286,Katherine White,+1-441-784-7702x3470
2287,Jeffrey Scott,(126)558-6470x814
2288,Andrew Gordon,+1-188-527-1431
2289,Tyler Williams,001-666-279-9363x6443
2290,Kimberly Gill,(246)857-8097x78353
2291,Kevin Thomas,(897)071-0954
2292,Dawn Conrad,576.145.7518
2293,Cynthia Williams,+1-230-701-3614x401
2294,Tracy Gutierrez,242-042-9965
2295,Mary Bender,502.034.5981
2296,Melissa Wheeler,641.819.4249
2297,Stephanie Davis,001-598-841-9741x93264
2298,Monique Wilson,439-359-4264x9233
2299,Michelle Clark,503.251.5993x851
2300,Nicole Owens,(857)014-3335
2301,Christopher Ferguson,+1-736-620-9252x75207
2302,Michael Barker,(743)366-7924x48060
2303,Haley Cooper,(692)058-8921x46446
2304,Edward Johnson,3679827724
2305,Ricardo Alvarado,001-700-980-1115x33121
2306,Michelle Garcia,510.063.7387x483
2307,Chelsea Johnson,4512377714
2308,Katherine Richardson,690.740.6861
2309,Debra Harrison,623.434.8703x339
2310,Keith Stevenson,142.345.3398x397
2311,Sandra Johnson,257-506-5999x8064
2312,Michael Hall,(238)326-5192x647
2313,Susan Hudson,110.253.5841x45511
2314,Terri Dorsey,+1-294-612-3194x3804
2315,Jessica James,+1-624-888-4089
2316,Chelsea Stevens,221.233.1852x361
2317,Shannon Davidson,(236)599-8405
2318,Diane Lee,461.675.0400x248
2319,Virginia Smith,048-132-3548
2320,Kimberly Ellis,452-015-2080x774
2321,Kristina Baker,(709)004-1370x882
2322,Luis Vang,001-407-386-2831x3868
2323,Taylor Escobar,222-089-4847x08061
2324,Julie Haas,+1-915-096-9474
2325,Mikayla Mcconnell,120-413-3189
2326,Travis Sparks,(138)685-6686x129
2327,Debra Phillips,214.468.6020x87098
2328,Katherine Woods,+1-477-029-7167x1531
2329,Thomas Tucker,243.365.7222x9738
2330,John Johnson,512-227-8949
2331,Mia Bailey,(227)805-9645x0730
2332,Nicholas Morrison,001-117-042-0660x81381
2333,Cynthia Haney,052.472.6031
2334,Victoria Sullivan,103.807.7571
2335,Craig Thomas,432-755-6590x40906
2336,Jesse Stevens,(177)352-4730x448
2337,Julie Clark,001-197-591-3412x08093
2338,Jill Rubio,001-858-931-1422x8836
2339,Lauren Mays,380-406-0046x57883
2340,Jonathan Combs,001-263-150-6543x882
2341,Colin Taylor,(889)355-8544
2342,Robert Banks,5853118511
2343,Justin Miller,6750275519
2344,Joel Jones,001-721-138-9894x235
2345,Brett Ayala,001-410-355-2697x447
2346,Alicia Peterson,023.147.1620x2077
2347,Kelly Adams,(630)941-8151x42328
2348,Dean Marshall,578-671-4828x030
2349,Connie Thomas,(425)250-9267x3889
2350,Cathy Roman,702-399-4037x73790
2351,James Wallace,731.026.3828x1288
2352,Kelly Greer,044.297.7686
2353,Kristen Palmer,334-098-2009
2354,Linda Michael,888-097-5325x157
2355,Dustin Collins,5640133529
2356,Eric Walters,694.403.3089x86438
2357,Derrick Ortiz,001-418-882-5516x153
2358,Joseph Lynn,365.892.2189x190
2359,Cheryl Jones,001-813-564-3567x1193
2360,Jeffrey Sanchez,268-837-1713
2361,Samuel Duke,(104)610-5978
2362,Nathan Johnson,885.079.3018
2363,Angel Smith,001-327-750-7625
2364,Kevin Shields,+1-046-031-9567x497
2365,Patricia Bates,051.555.0222x45779
2366,Janet Hansen,001-333-049-2655x276
2367,Ashley Burns,+1-765-665-0002x1650
2368,Anna Jackson,571-066-3338x31958
2369,Christopher Mcdowell,+1-007-229-3063x1267
2370,Thomas Martinez,001-919-088-1840x40075
2371,Kim Bailey,001-749-214-6958
2372,Jean Mendoza,592.190.5069x101
2373,Dylan Holt,+1-543-175-2634x2820
2374,Breanna Guerra,+1-314-318-8470x496
2375,Amber Gonzales,+1-343-790-1082x723
2376,Vanessa Martin,803-669-4751
2377,Daniel Walker,9493417541
2378,Sandra Bowers,+1-765-018-8479x1835
2379,Javier Perez,001-156-166-6826
2380,Lisa Austin,+1-819-918-7848x29299
2381,Michael Garcia,141.675.0732
2382,Joseph Tapia,(621)089-4932x4765
2383,Michael Duncan,+1-057-188-3809x515
2384,Valerie Heath,7155452713
2385,Stephanie Robinson,737-397-1790
2386,Brandon Burns,+1-494-258-1762
2387,Katherine Green,370-831-6108x5774
2388,Michael Davis,0464913014
2389,Karen Lozano,730.353.3212
2390,Theodore Smith,(105)789-4140x44383
2391,Carla Simpson,(590)394-4123
2392,Jeffrey Monroe,+1-070-218-0558x60005
2393,Jessica Gomez,(583)099-5554x310
2394,Claudia Mejia,+1-630-380-2393x36833
2395,Rhonda Henderson,171-046-3095
2396,Erika Velasquez,842.384.0597x9802
2397,Paul Herrera,792.897.9250x06409
2398,William Trevino,001-052-518-6939
2399,Mitchell Cervantes,(539)195-3144
2400,Robert Pierce,876-346-3246
2401,Emily Brown,001-370-588-4185x5048
2402,Michael Sanchez,664-918-7156
2403,Michael Smith,048-477-1290x4965
2404,Jose Buck,309-729-6541
2405,Michelle Nelson,4630020009
2406,Adam Mckenzie,994.251.1175x457
2407,Harold Bradford,253-135-9072x088
2408,Melinda Lara,431.224.9808x1694
2409,Mallory Ross,582-733-3832x53764
2410,Stephanie Hopkins,001-776-672-6384x854
2411,William Knight,967.902.8917x1846
2412,Amy Cortez,(982)171-5140x4817
2413,Debra Carey,512.654.8429
2414,Sandy Clark,+1-814-704-8553x1892
2415,Samuel Martin,001-966-025-9125x53146
2416,Jeremy Smith,357-403-1244x373
2417,Zachary Wood,+1-517-608-1833x233
2418,Brianna Jacobson,969.456.6575x6278
2419,Michael Hughes,+1-666-285-9855x073
2420,Teresa Olson,237.769.3869
2421,Timothy Riley,+1-437-698-0132x086
2422,Kristina Hensley,638-144-6803x65719
2423,Kristina Trevino,1232782791
2424,Stephanie Lewis,(591)763-8207x61800
2425,Michael Williams,661.382.2880x9887
2426,Derek Mitchell,6946031209
2427,Meghan White,499-147-1820x7263
2428,James Reynolds,+1-662-055-2508
2429,Michael Hunter,420.175.4300x73287
2430,Toni Nguyen,8905910411
2431,Amy Hughes,+1-332-712-3145
2432,Mark Rodriguez,(377)779-9275
2433,Kimberly Griffin,144-289-9774x2873
2434,Heather Moore,(774)853-2851x91408
2435,Carol Brown,(017)615-2123
2436,Hannah Miles,001-707-443-9314x3542
2437,Lucas Kelly,(339)765-0770
2438,Garrett Vargas,001-469-046-8130x274
2439,Aaron Ramirez,426.488.4775
2440,Luke Cabrera,(121)760-1544
2441,Ryan Frye,(381)003-8837
2442,Carla Pittman,929.557.4592
2443,Rachel Barnes,(033)153-8834x83886
2444,James Norman,(715)783-4405x810
2445,Megan Park,450.981.0101
2446,Donald Baldwin,+1-008-305-7096x4602
2447,Rachel Gallegos,+1-200-204-1428x0859
2448,Julia Gould,907.367.6699x148
2449,Joseph Jones,(892)809-8922
2450,Michelle James,(617)344-3445x45453
2451,Kristen Johnston,946-654-1739
2452,Sara Dickerson,+1-480-393-4127x8664
2453,James Pruitt,(901)083-0553
2454,Frank Sims,+1-629-970-8745
2455,Joseph Gonzalez,001-756-189-2195
2456,Bryan Gonzalez,827.901.2338
2457,Allen Miller,001-023-397-3712
2458,Adam Lloyd,001-799-732-2306x7415
2459,Michael Galvan,(702)595-7502
2460,Priscilla Melendez,(530)824-7954x640
2461,Maria Cooper,414.712.6985x5677
2462,Charlotte Abbott,8143827794
2463,Amy Lee,9518239014
2464,Morgan Owens,609.136.7213x528
2465,Erica Ramos,023.861.7354
2466,Nicole Thompson,001-382-128-3979x708
2467,Tammy Olson,827.400.5407
2468,Karen Thomas,(287)492-8325x1918
2469,Lauren Smith,+1-360-670-7448x43845
2470,Catherine Meyer,4743132164
2471,Chelsea Moon,386.541.1611x82230
2472,Samuel Garcia,937.198.2632
2473,Brittany Mooney,226.917.5074x15719
2474,Randy Aguilar,(166)249-5026
2475,Bonnie Lloyd,018.915.7853
2476,Carl Cole,(884)207-7281
2477,Joshua Ross,7533079940
2478,Jeffrey Johnson,005-728-3165x04822
2479,Jesus Stone,+1-356-339-6373x530
2480,Sandra Frank,(894)743-5659
2481,Adam Crane,608-775-5782
2482,Tyrone Boyd,+1-333-539-3448x50597
2483,Matthew Chambers,549.485.1209
2484,Brian Moore,(492)263-9491x730
2485,Samantha Howell,(522)280-4412
2486,Sarah Kelly,(735)114-5258x559
2487,Wendy Rogers,121-538-3923
2488,Nancy Sims,+1-671-886-6067
2489,Eric James,(367)058-8040x3891
2490,Amanda Miller,631.811.2225
2491,Kevin Leon,406.459.7593x9527
2492,Brian Bond,(513)794-2470x5268
2493,Kristin Diaz,001-761-928-2649x05479
2494,Austin Wright,+1-508-162-7393x50629
2495,Carrie Johnson,+1-823-646-2195
2496,Jaime Edwards,001-948-184-6476
2497,Anthony Holloway,001-164-038-7327x6526
2498,Patricia Cantrell,205.402.6851
2499,Victoria Lara,0546511993
